Underlying,Description,Name,Expected PnL,Cost of Strategy,Total Debit,Leg_profit,Max_Profit,Max_Loss,Prob of Profit,Prob of Loss,Leg_Profit_Factor,Profit_Factor,Strike_1_type,Strike_1,Strike_1_alloc,Strike_2_type,Strike_2,Strike_2_alloc,Strike_3_type,Strike_3,Strike_3_alloc,Strategy_Delta,Strategy_Gamma,Strategy_Theta,Strategy_Vega,Strategy_Rho
AXP,AMERICAN EXPRESS CO COM,Bearish Call Modified Butterfly,-373.4,-1270.0,4500.0000000000055,1270.0,2740.0000000006953,3230.0000000000055,52.39,47.61,0.3931888544891634,0.8482972136225049,Call,98.5,10.0,Call,100.0,-20.0,Call,106.0,10.0,-379.9999999999999,-30.000000000000014,9.999999999999986,-9.999999999999998,-10.0
AXP,AMERICAN EXPRESS CO COM,Bearish Call Modified Butterfly,-359.79,-1050.0,3000.0000000000055,1050.0,2020.0000000006953,1950.0000000000055,46.89,53.11,0.538461538461537,1.0358974358977895,Call,99.0,10.0,Call,100.0,-20.0,Call,104.0,10.0,-269.99999999999994,-1.1102230246251565e-14,-10.000000000000032,-9.999999999999998,0.0
AXP,AMERICAN EXPRESS CO COM,Bearish Call Modified Butterfly,-931.22,-739.9999999999998,4000.0000000000055,739.9999999999998,2210.0000000006808,3260.0000000000055,44.54,55.46,0.2269938650306744,0.6779141104296555,Call,98.0,10.0,Call,99.5,-20.0,Call,105.0,10.0,-319.99999999999983,1.1102230246251565e-14,20.000000000000018,-9.999999999999998,0.0
AXP,AMERICAN EXPRESS CO COM,Bearish Call Modified Butterfly,-361.76,-950.0,2500.0000000000055,950.0,1920.000000000681,1550.0000000000055,42.2,57.8,0.6129032258064494,1.2387096774197899,Call,98.5,10.0,Call,99.5,-20.0,Call,103.0,10.0,-159.99999999999997,10.000000000000009,30.000000000000004,0.0,0.0
