Underlying,Description,Name,Expected PnL,Cost of Strategy,Total Debit,Leg_profit,Max_Profit,Max_Loss,Prob of Profit,Prob of Loss,Leg_Profit_Factor,Profit_Factor,Strike_1_type,Strike_1,Strike_1_alloc,Strike_2_type,Strike_2,Strike_2_alloc,Strike_3_type,Strike_3,Strike_3_alloc,Strategy_Delta,Strategy_Gamma,Strategy_Theta,Strategy_Vega,Strategy_Rho
SBUX,STARBUCKS CORP COM,Bearish Call Modified Butterfly,-214.28,-299.99999999999966,1500.0000000000027,299.99999999999966,799.9999999994028,1200.0000000000032,58.88,41.12,0.24999999999999906,0.6666666666661673,Call,84.5,10.0,Call,85.0,-20.0,Call,87.0,10.0,-139.99999999999986,-20.000000000000018,10.000000000000009,-9.999999999999998,-10.0
SBUX,STARBUCKS CORP COM,Bearish Call Modified Butterfly,-210.86,-200.0,1000.0000000000028,200.0,699.9999999994031,800.0000000000028,52.47,47.53,0.2499999999999991,0.8749999999992508,Call,84.0,10.0,Call,84.5,-20.0,Call,86.0,10.0,-100.00000000000009,-10.000000000000009,10.000000000000009,-9.999999999999998,0.0
SBUX,STARBUCKS CORP COM,Bearish Call Modified Butterfly,-438.05,-379.9999999999992,2500.0000000000027,379.9999999999992,1879.9999999994307,2120.0000000000036,49.22,50.78,0.17924528301886725,0.8867924528299186,Call,81.5,10.0,Call,83.0,-20.0,Call,87.0,10.0,-279.99999999999983,-39.99999999999999,0.0,-9.999999999999998,-10.0
SBUX,STARBUCKS CORP COM,Bearish Call Modified Butterfly,-478.92,-520.0000000000001,3000.0000000000027,520.0000000000001,2519.9999999994316,2480.0000000000027,45.96,54.04,0.20967741935483852,1.0161290322578342,Call,80.0,10.0,Call,82.0,-20.0,Call,87.0,10.0,-350.0000000000001,-10.000000000000009,20.000000000000018,5.551115123125783e-15,-10.0
SBUX,STARBUCKS CORP COM,Bearish Call Modified Butterfly,-444.4,-339.9999999999998,2000.0000000000027,339.9999999999998,1839.9999999994313,1660.000000000003,43.8,56.2,0.20481927710843323,1.1084337349394144,Call,81.0,10.0,Call,82.5,-20.0,Call,86.0,10.0,-270.0000000000001,-19.99999999999997,0.0,-10.000000000000009,0.0
