Underlying,Description,Name,Expected PnL,Cost of Strategy,Total Debit,Leg_profit,Max_Profit,Max_Loss,Prob of Profit,Prob of Loss,Leg_Profit_Factor,Profit_Factor,Strike_1_type,Strike_1,Strike_1_alloc,Strike_2_type,Strike_2,Strike_2_alloc,Strike_3_type,Strike_3,Strike_3_alloc,Strategy_Delta,Strategy_Gamma,Strategy_Theta,Strategy_Vega,Strategy_Rho
SSO,PROSHARES TRUST PSHS ULT S&P 500 ETF,Bearish Call Modified Butterfly,-359.77,-1400.0,4000.0000000000027,1400.0,2890.0000000005207,2600.0000000000027,47.05,52.95,0.5384615384615379,1.1115384615386605,Call,75.5,10.0,Call,77.0,-20.0,Call,82.5,10.0,-499.99999999999983,10.000000000000009,20.000000000000007,5.551115123125783e-15,-10.0
SSO,PROSHARES TRUST PSHS ULT S&P 500 ETF,Bearish Call Modified Butterfly,-1012.97,-950.0,5000.000000000003,950.0,2190.0000000005207,4050.0000000000027,45.22,54.78,0.23456790123456775,0.540740740740869,Call,76.25,10.0,Call,77.5,-20.0,Call,83.75,10.0,-669.9999999999999,-29.999999999999993,-1.1102230246251565e-14,-9.999999999999998,-10.0
SSO,PROSHARES TRUST PSHS ULT S&P 500 ETF,Bearish Call Modified Butterfly,-819.13,-700.0,3500.0000000000027,700.0,1690.0000000005348,2800.0000000000027,45.22,54.78,0.24999999999999975,0.6035714285716189,Call,77.0,10.0,Call,78.0,-20.0,Call,82.5,10.0,-470.0000000000001,4.440892098500626e-14,0.0,10.000000000000004,-10.0
