Underlying,Name,Expected PnL,Cost of Strategy,Max_Profit,Max_Loss,Prob of Profit,Prob of Loss,Exp_Pnl/Max_Loss,Profit_Factor,Strategy_Delta,Strategy_Gamma,Strategy_Theta,Strategy_Vega,Strategy_Rho,Strike_1_type,Strike_1,Strike_1_alloc,Strike_2_type,Strike_2,Strike_2_alloc
WDC,Bull Call Spread,-7.53,129.0,21.0,129.0,74.88,25.12,-0.058372093023255814,0.16279069767441862,21.999999999999996,-3.9999999999999996,3.0,-1.0,0.0,Call,31.0,1.0,Call,32.5,-1.0
WDC,Bull Call Spread,-4.99,161.0,39.0,161.0,71.03,28.97,-0.030993788819875776,0.2422360248447205,29.000000000000004,-5.0,3.0,-1.0,0.0,Call,31.0,1.0,Call,33.0,-1.0
WDC,Bull Call Spread,-9.25,146.0,104.0,146.0,50.99,49.01,-0.06335616438356165,0.7123287671232876,35.0,-2.0000000000000018,0.0,0.0,1.0,Call,32.5,1.0,Call,35.0,-1.0
WDC,Bull Call Spread,-8.42,141.0,159.0,141.0,45.12,54.88,-0.05971631205673759,1.127659574468085,40.0,2.0000000000000004,-1.0000000000000002,0.0,1.0,Call,33.0,1.0,Call,36.0,-1.0
WDC,Bull Call Spread,-5.2,49.0,51.0,49.0,43.68,56.32,-0.10612244897959185,1.0408163265306123,13.999999999999996,0.9999999999999981,0.0,0.9999999999999999,1.0,Call,34.0,1.0,Call,35.0,-1.0
WDC,Bull Call Spread,3.16,71.0,129.0,71.0,40.83,59.17,0.04450704225352113,1.8169014084507042,26.0,3.9999999999999996,-1.0000000000000002,0.9999999999999999,1.0,Call,34.0,1.0,Call,36.0,-1.0
