Underlying,Description,Name,Expected PnL,Cost of Strategy,Total Debit,Leg_profit,Max_Profit,Max_Loss,Prob of Profit,Prob of Loss,Leg_Profit_Factor,Profit_Factor,Strike_1_type,Strike_1,Strike_1_alloc,Strike_2_type,Strike_2,Strike_2_alloc,Strategy_Delta,Strategy_Gamma,Strategy_Theta,Strategy_Vega,Strategy_Rho
UAL,UNITED AIRLINES HOLDINGS COM,Bullish Put Modified Butterfly,-552.68,-3499.9999999999995,24330.0,3499.9999999999995,3499.9999999999995,20830.0,61.01,38.57,0.1680268843014882,0.1680268843014882,Put,31.0,10.0,Put,37.0,-20.0,800.0,-110.00000000000001,130.0,-50.0,20.0
UAL,UNITED AIRLINES HOLDINGS COM,Bullish Put Modified Butterfly,-429.06,-3249.9999999999995,22330.0,3249.9999999999995,3249.9999999999995,19080.0,59.63,39.95,0.170335429769392,0.170335429769392,Put,33.0,10.0,Put,37.0,-20.0,730.0,-90.00000000000001,110.00000000000001,-40.0,20.0
UAL,UNITED AIRLINES HOLDINGS COM,Bullish Put Modified Butterfly,-424.42,-4070.0,23330.0,4070.0,4070.0,19260.0,56.18,43.4,0.21131879543094495,0.21131879543094495,Put,34.0,10.0,Put,38.0,-20.0,810.0,-80.00000000000001,100.0,-40.0,20.0
UAL,UNITED AIRLINES HOLDINGS COM,Bullish Put Modified Butterfly,-359.55,-3390.0,21330.0,3390.0,3390.0,17940.0,53.41,46.17,0.18896321070234115,0.18896321070234115,Put,36.0,10.0,Put,38.0,-20.0,670.0,-70.0,90.0,-30.0,10.0
UAL,UNITED AIRLINES HOLDINGS COM,Bullish Put Modified Butterfly,-559.16,-3400.0,21330.0,3400.0,4370.000000000318,17930.0,51.34,48.24,0.18962632459564974,0.24372559955383816,Put,41.0,-20.0,Put,42.0,10.0,629.9999999999999,-70.0,90.0,-40.0,10.0
