Underlying,Description,Name,Expected PnL,Cost of Strategy,Total Debit,Leg_profit,Max_Profit,Max_Loss,Prob of Profit,Prob of Loss,Leg_Profit_Factor,Profit_Factor,Strike_1_type,Strike_1,Strike_1_alloc,Strike_2_type,Strike_2,Strike_2_alloc,Strike_3_type,Strike_3,Strike_3_alloc,Strategy_Delta,Strategy_Gamma,Strategy_Theta,Strategy_Vega,Strategy_Rho
AXP,AMERICAN EXPRESS CO COM,Bearish Call Modified Butterfly,-756.0,-1139.9999999999986,5500.000000000022,1139.9999999999986,3610.000000000708,4360.000000000024,53.17,46.83,0.26146788990825515,0.8279816513763046,Call,98.5,10.0,Call,101.0,-30.0,Call,105.0,20.0,-459.9999999999998,-49.99999999999998,20.000000000000018,-10.000000000000009,2.7755575615628914e-15
AXP,AMERICAN EXPRESS CO COM,Bearish Call Modified Butterfly,-735.04,-859.9999999999991,4000.0000000000227,859.9999999999991,2830.0000000007085,3140.0000000000236,50.04,49.96,0.273885350318469,0.9012738853505373,Call,99.0,10.0,Call,101.0,-30.0,Call,104.0,20.0,-349.99999999999983,-19.99999999999997,0.0,-10.000000000000009,2.7755575615628914e-15
AXP,AMERICAN EXPRESS CO COM,Bearish Call Modified Butterfly,-1055.44,-1700.0,6000.000000000023,1700.0,3670.0000000006953,4300.000000000023,45.32,54.68,0.39534883720930025,0.8534883720931804,Call,98.0,10.0,Call,100.0,-30.0,Call,104.0,20.0,-569.9999999999995,0.0,-50.00000000000004,-10.000000000000009,2.7755575615628914e-15
AXP,AMERICAN EXPRESS CO COM,Bearish Call Modified Butterfly,-472.49,-1850.0,4500.000000000023,1850.0,3320.0000000006953,2650.0000000000227,44.54,55.46,0.6981132075471638,1.2528301886794968,Call,98.5,10.0,Call,100.0,-30.0,Call,103.0,20.0,-399.99999999999983,0.0,-30.00000000000007,9.999999999999986,2.7755575615628914e-15
AXP,AMERICAN EXPRESS CO COM,Bearish Call Modified Butterfly,-2070.19,-900.0,6500.000000000023,900.0,3370.000000000681,5600.000000000023,40.65,59.35,0.16071428571428506,0.6017857142858335,Call,97.0,10.0,Call,99.5,-30.0,Call,104.0,20.0,-579.9999999999998,20.000000000000018,-30.00000000000003,-10.000000000000009,2.7755575615628914e-15
