Underlying,Description,Name,Expected PnL,Cost of Strategy,Total Debit,Leg_profit,Max_Profit,Max_Loss,Prob of Profit,Prob of Loss,Leg_Profit_Factor,Profit_Factor,Strike_1_type,Strike_1,Strike_1_alloc,Strike_2_type,Strike_2,Strike_2_alloc,Strike_3_type,Strike_3,Strike_3_alloc,Strategy_Delta,Strategy_Gamma,Strategy_Theta,Strategy_Vega,Strategy_Rho
DHI,DR HORTON INC COM,Bearish Call Modified Butterfly,-518.58,-230.00000000000045,1500.0000000000114,230.00000000000045,689.9999999990137,1270.000000000011,46.14,53.86,0.1811023622047232,0.5433070866133919,Call,70.5,10.0,Call,71.0,-30.0,Call,72.0,20.0,-170.00000000000003,-9.999999999999964,0.0,1.1102230246251565e-14,2.7755575615628914e-15
DHI,DR HORTON INC COM,Bearish Call Modified Butterfly,-475.66,-500.00000000000136,2000.0000000000114,500.00000000000136,1459.9999999990146,1500.00000000001,45.1,54.9,0.33333333333333204,0.9733333333326699,Call,69.5,10.0,Call,70.5,-30.0,Call,72.0,20.0,-220.0000000000001,10.000000000000009,20.000000000000018,-9.999999999999986,2.7755575615628914e-15
