Underlying,Description,Name,Expected PnL,Cost of Strategy,Total Debit,Leg_profit,Max_Profit,Max_Loss,Prob of Profit,Prob of Loss,Leg_Profit_Factor,Profit_Factor,Strike_1_type,Strike_1,Strike_1_alloc,Strike_2_type,Strike_2,Strike_2_alloc,Strike_3_type,Strike_3,Strike_3_alloc,Strategy_Delta,Strategy_Gamma,Strategy_Theta,Strategy_Vega,Strategy_Rho
JPM,JP MORGAN CHASE & CO COM,Bullish Put Modified Butterfly,-370.98,-390.0,2000.0000000000114,390.0,2360.000000001505,1610.0000000000114,48.51,51.49,0.2422360248447188,1.4658385093176947,Put,102.0,20.0,Put,104.0,-30.0,Put,106.0,10.0,190.00000000000003,-19.999999999999986,20.000000000000018,19.999999999999996,-10.000000000000004
JPM,JP MORGAN CHASE & CO COM,Bullish Put Modified Butterfly,-363.78,-570.0,2000.0000000000114,570.0,2540.000000001505,1430.0000000000114,41.61,58.39,0.39860139860139543,1.7762237762248148,Put,103.0,20.0,Put,105.0,-30.0,Put,107.0,10.0,190.00000000000003,-1.1102230246251565e-14,10.000000000000009,9.999999999999998,-10.000000000000004
