Underlying,Description,Name,Expected PnL,Cost of Strategy,Total Debit,Leg_profit,Max_Profit,Max_Loss,Prob of Profit,Prob of Loss,Leg_Profit_Factor,Profit_Factor,Strike_1_type,Strike_1,Strike_1_alloc,Strike_2_type,Strike_2,Strike_2_alloc,Strike_3_type,Strike_3,Strike_3_alloc,Strategy_Delta,Strategy_Gamma,Strategy_Theta,Strategy_Vega,Strategy_Rho
ORCL,ORACLE CORP COM,Bearish Call Modified Butterfly,11.44,-170.0,1000.0000000000114,170.0,1110.000000000424,830.0000000000114,72.87,27.13,0.20481927710843092,1.3373493975908541,Call,58.0,10.0,Call,59.0,-30.0,Call,60.0,20.0,-60.00000000000006,2.220446049250313e-14,0.0,1.1102230246251565e-14,10.0
ORCL,ORACLE CORP COM,Bearish Call Modified Butterfly,-83.39,-69.99999999999977,500.00000000001137,69.99999999999977,510.0000000004238,430.0000000000116,63.22,36.78,0.16279069767441368,1.1860465116288605,Call,58.0,10.0,Call,58.5,-30.0,Call,59.0,20.0,-59.999999999999964,-9.999999999999964,0.0,1.1102230246251565e-14,10.0
