Underlying,Name,Expected PnL,Cost of Strategy,Max_Profit,Max_Loss,Prob of Profit,Prob of Loss,Exp_Pnl/Max_Loss,Profit_Factor,Strategy_Delta,Strategy_Gamma,Strategy_Theta,Strategy_Vega,Strategy_Rho,Strike_1_type,Strike_1,Strike_1_alloc,Strike_2_type,Strike_2,Strike_2_alloc
BRZU,Bull Call Spread,18.65,870.0,230.0,870.0,74.06,24.83,0.0214367816091954,0.26436781609195403,29.000000000000004,-0.9999999999999999,7.999999999999999,-3.0,0.0,Call,65.0,1.0,Call,76.0,-1.0
BRZU,Bull Call Spread,2.06,455.0,145.0,455.0,71.85,27.04,0.004527472527472528,0.31868131868131866,17.000000000000004,-0.9999999999999999,1.9999999999999991,-0.9999999999999996,1.0,Call,70.0,1.0,Call,76.0,-1.0
BRZU,Bull Call Spread,1.08,490.0,160.0,490.0,71.07,27.81,0.0022040816326530615,0.32653061224489793,18.999999999999993,-0.9999999999999999,1.9999999999999991,-0.9999999999999996,1.0,Call,70.0,1.0,Call,76.5,-1.0
