Underlying,Name,Expected PnL,Cost of Strategy,Max_Profit,Max_Loss,Prob of Profit,Prob of Loss,Exp_Pnl/Max_Loss,Profit_Factor,Strategy_Delta,Strategy_Gamma,Strategy_Theta,Strategy_Vega,Strategy_Rho,Strike_1_type,Strike_1,Strike_1_alloc,Strike_2_type,Strike_2,Strike_2_alloc
FAS,Bull Call Spread,2.83,137.0,63.0,137.0,66.57,33.12,0.020656934306569345,0.45985401459854014,17.999999999999993,-2.0000000000000004,0.0,0.0,0.0,Call,34.5,1.0,Call,36.5,-1.0
FAS,Bull Call Spread,2.64,127.0,73.0,127.0,62.26,37.43,0.02078740157480315,0.5748031496062992,19.0,-1.0000000000000009,0.0,0.0,0.0,Call,35.0,1.0,Call,37.0,-1.0
FAS,Bull Call Spread,3.74,115.0,85.0,115.0,57.75,41.94,0.03252173913043478,0.7391304347826086,20.0,-1.0000000000000009,0.0,0.0,0.0,Call,35.5,1.0,Call,37.5,-1.0
FAS,Bull Call Spread,2.39,105.0,95.0,105.0,53.12,46.57,0.022761904761904764,0.9047619047619048,20.000000000000007,0.0,-0.9999999999999996,0.0,1.0,Call,36.0,1.0,Call,38.0,-1.0
FAS,Bull Call Spread,0.23,76.0,74.0,76.0,50.78,48.91,0.0030263157894736843,0.9736842105263158,15.000000000000002,0.0,-0.9999999999999996,0.0,1.0,Call,36.5,1.0,Call,38.0,-1.0
FAS,Bull Call Spread,3.87,92.0,108.0,92.0,48.44,51.25,0.04206521739130435,1.173913043478261,19.0,1.0000000000000009,-0.9999999999999996,0.0,1.0,Call,36.5,1.0,Call,38.5,-1.0
FAS,Bull Call Spread,5.5,79.0,121.0,79.0,44.96,54.73,0.06962025316455696,1.5316455696202531,19.0,1.0000000000000009,-0.9999999999999996,0.9999999999999999,1.0,Call,37.0,1.0,Call,39.0,-1.0
FAS,Bull Call Spread,2.1,56.99999999999999,93.0,56.99999999999999,41.53,58.16,0.0368421052631579,1.6315789473684212,13.999999999999996,1.0000000000000009,-0.9999999999999996,0.9999999999999999,1.0,Call,37.5,1.0,Call,39.0,-1.0
FAS,Bull Call Spread,6.56,66.99999999999999,133.0,66.99999999999999,40.4,59.29,0.09791044776119405,1.985074626865672,17.0,2.0000000000000004,-1.9999999999999998,0.9999999999999999,1.0,Call,37.5,1.0,Call,39.5,-1.0
