Underlying,Name,Expected PnL,Cost of Strategy,Max_Profit,Max_Loss,Prob of Profit,Prob of Loss,Exp_Pnl/Max_Loss,Profit_Factor,Strategy_Delta,Strategy_Gamma,Strategy_Theta,Strategy_Vega,Strategy_Rho,Strike_1_type,Strike_1,Strike_1_alloc,Strike_2_type,Strike_2,Strike_2_alloc
TNA,Bull Call Spread,11.33,94.0,106.0,94.0,53.67,46.3,0.12053191489361702,1.127659574468085,17.0,0.9999999999999996,-1.0000000000000009,0.9999999999999999,1.0,Call,34.0,1.0,Call,36.0,-1.0
TNA,Bull Call Spread,6.24,69.0,81.0,69.0,50.62,49.35,0.09043478260869565,1.173913043478261,12.0,0.9999999999999996,-1.0000000000000009,0.9999999999999999,1.0,Call,34.5,1.0,Call,36.0,-1.0
TNA,Bull Call Spread,2.26,93.0,107.0,93.0,48.58,51.39,0.024301075268817203,1.1505376344086022,17.000000000000004,0.9999999999999996,-2.0000000000000004,0.9999999999999999,1.0,Call,34.5,1.0,Call,36.5,-1.0
TNA,Bull Call Spread,2.62,45.0,55.0,45.0,48.58,51.39,0.058222222222222224,1.2222222222222223,7.9999999999999964,0.9999999999999996,0.0,0.9999999999999999,0.0,Call,35.0,1.0,Call,36.0,-1.0
TNA,Bull Call Spread,3.22,82.0,118.0,82.0,44.5,55.47,0.03926829268292683,1.4390243902439024,15.999999999999998,1.9999999999999991,-0.9999999999999996,0.9999999999999999,0.0,Call,35.0,1.0,Call,37.0,-1.0
TNA,Bull Call Spread,0.39,75.0,125.0,75.0,40.46,59.51,0.0052,1.6666666666666667,15.0,1.9999999999999991,-1.9999999999999998,0.0,0.0,Call,35.5,1.0,Call,37.5,-1.0
