Underlying,Name,Expected PnL,Cost of Strategy,Max_Profit,Max_Loss,Prob of Profit,Prob of Loss,Exp_Pnl/Max_Loss,Profit_Factor,Strategy_Delta,Strategy_Gamma,Strategy_Theta,Strategy_Vega,Strategy_Rho,Strike_1_type,Strike_1,Strike_1_alloc,Strike_2_type,Strike_2,Strike_2_alloc
XLE,Bull Call Spread,0.25,92.0,58.0,92.0,57.73,42.27,0.002717391304347826,0.6304347826086957,25.000000000000007,-2.0000000000000018,0.0,0.0,0.0,Call,35.0,1.0,Call,36.5,-1.0
XLE,Bull Call Spread,3.73,110.0,90.0,110.0,55.85,44.15,0.03390909090909091,0.8181818181818182,33.0,-1.0000000000000009,0.0,0.0,1.0,Call,35.0,1.0,Call,37.0,-1.0
XLE,Bull Call Spread,1.68,63.0,87.0,63.0,44.52,55.48,0.026666666666666665,1.380952380952381,25.0,3.0,-0.9999999999999999,0.9999999999999999,1.0,Call,36.0,1.0,Call,37.5,-1.0
XLE,Bull Call Spread,4.7,73.0,127.0,73.0,42.66,57.33,0.06438356164383562,1.7397260273972603,32.0,5.000000000000002,-0.9999999999999999,0.9999999999999999,1.0,Call,36.0,1.0,Call,38.0,-1.0
