Underlying,Name,Expected PnL,Cost of Strategy,Max_Profit,Max_Loss,Prob of Profit,Prob of Loss,Exp_Pnl/Max_Loss,Profit_Factor,Strategy_Delta,Strategy_Gamma,Strategy_Theta,Strategy_Vega,Strategy_Rho,Strike_1_type,Strike_1,Strike_1_alloc,Strike_2_type,Strike_2,Strike_2_alloc
XOP,Bull Call Spread,1.07,103.0,97.0,103.0,51.84,48.16,0.010388349514563107,0.941747572815534,18.999999999999993,0.0,0.0,0.0,0.0,Call,51.0,1.0,Call,53.0,-1.0
XOP,Bull Call Spread,0.89,85.0,115.0,85.0,44.48,55.52,0.010470588235294117,1.3529411764705883,18.0,0.9999999999999996,-0.9999999999999996,0.0,0.0,Call,52.0,1.0,Call,54.0,-1.0
XOP,Bull Call Spread,1.03,60.0,90.0,60.0,41.78,58.22,0.017166666666666667,1.5,13.0,2.0000000000000004,-0.9999999999999996,0.0,0.0,Call,52.5,1.0,Call,54.0,-1.0
XOP,Bull Call Spread,4.13,73.0,127.0,73.0,40.89,59.11,0.05657534246575342,1.7397260273972603,17.0,2.0000000000000004,-0.9999999999999996,1.0000000000000002,0.0,Call,52.5,1.0,Call,54.5,-1.0
