Underlying,Description,Name,Expected PnL,Cost of Strategy,Total Debit,Leg_profit,Max_Profit,Max_Loss,Prob of Profit,Prob of Loss,Leg_Profit_Factor,Profit_Factor,Strike_1_type,Strike_1,Strike_1_alloc,Strike_2_type,Strike_2,Strike_2_alloc,Strike_3_type,Strike_3,Strike_3_alloc,Strategy_Delta,Strategy_Gamma,Strategy_Theta,Strategy_Vega,Strategy_Rho
CAT,CATERPILLAR INC COM,Bearish Call Modified Butterfly,-483.4,-320.0,2000.0000000000227,320.0,2290.0000000079854,1680.0000000000227,47.56,52.44,0.1904761904761879,1.3630952380999728,Call,140.0,10.0,Call,142.0,-30.0,Call,144.0,20.0,-140.0000000000001,-19.999999999999996,19.99999999999995,-9.999999999999975,-19.999999999999996
CAT,CATERPILLAR INC COM,Bearish Call Modified Butterfly,-374.22,-770.0,3000.0000000000227,770.0,3740.0000000078717,2230.0000000000227,45.48,54.52,0.3452914798206243,1.677130044846562,Call,138.0,10.0,Call,141.0,-30.0,Call,144.0,20.0,-150.00000000000017,2.220446049250313e-14,120.00000000000001,-10.000000000000009,-19.999999999999996
CAT,CATERPILLAR INC COM,Bearish Call Modified Butterfly,-454.3,-500.0,2000.0000000000227,500.0,2470.0000000078717,1500.0000000000227,41.34,58.66,0.33333333333332826,1.6466666666718894,Call,139.0,10.0,Call,141.0,-30.0,Call,143.0,20.0,-100.0,10.000000000000032,50.0,10.000000000000009,-19.999999999999996
