Underlying,Description,Name,Expected PnL,Cost of Strategy,Total Debit,Leg_profit,Max_Profit,Max_Loss,Prob of Profit,Prob of Loss,Leg_Profit_Factor,Profit_Factor,Strike_1_type,Strike_1,Strike_1_alloc,Strike_2_type,Strike_2,Strike_2_alloc,Strike_3_type,Strike_3,Strike_3_alloc,Strategy_Delta,Strategy_Gamma,Strategy_Theta,Strategy_Vega,Strategy_Rho
CSX,CSX CORP COM,Bearish Call Modified Butterfly,-233.38,-280.0,2000.0000000000114,280.0,2215.000000000528,1720.0000000000114,52.29,47.71,0.16279069767441753,1.287790697674717,Call,74.0,10.0,Call,76.0,-30.0,Call,78.0,20.0,-390.00000000000006,-10.000000000000053,49.99999999999998,-9.999999999999986,2.7755575615628914e-15
CSX,CSX CORP COM,Bearish Call Modified Butterfly,-181.97,-339.9999999999993,1500.0000000000114,339.9999999999993,1775.0000000005273,1160.000000000012,48.31,51.69,0.29310344827585844,1.5301724137935422,Call,74.5,10.0,Call,76.0,-30.0,Call,77.5,20.0,-209.99999999999997,-4.440892098500626e-14,39.99999999999999,-19.999999999999996,2.7755575615628914e-15
CSX,CSX CORP COM,Bearish Call Modified Butterfly,-372.23,-299.9999999999998,2000.0000000000114,299.9999999999998,2235.000000000514,1700.0000000000116,45.66,54.34,0.17647058823529277,1.3147058823532345,Call,73.5,10.0,Call,75.5,-30.0,Call,77.5,20.0,-329.99999999999955,-9.999999999999964,19.999999999999996,-19.999999999999996,2.7755575615628914e-15
CSX,CSX CORP COM,Bearish Call Modified Butterfly,-436.44,-200.0,1500.0000000000114,200.0,1635.0000000005139,1300.0000000000114,41.71,58.29,0.1538461538461525,1.257692307692692,Call,74.0,10.0,Call,75.5,-30.0,Call,77.0,20.0,-269.9999999999998,20.00000000000004,0.0,-9.999999999999993,2.7755575615628914e-15
