Underlying,Description,Name,Expected PnL,Cost of Strategy,Total Debit,Leg_profit,Max_Profit,Max_Loss,Prob of Profit,Prob of Loss,Leg_Profit_Factor,Profit_Factor,Strike_1_type,Strike_1,Strike_1_alloc,Strike_2_type,Strike_2,Strike_2_alloc,Strike_3_type,Strike_3,Strike_3_alloc,Strategy_Delta,Strategy_Gamma,Strategy_Theta,Strategy_Vega,Strategy_Rho
MRK,MERCK & CO INC COM,Bearish Call Modified Butterfly,-364.1,-909.9999999999991,3500.0000000000114,909.9999999999991,2359.999999998794,2590.0000000000123,50.98,49.02,0.3513513513513493,0.9111969111964412,Call,83.0,10.0,Call,84.5,-30.0,Call,87.0,20.0,-490.0000000000001,-40.000000000000036,39.99999999999999,-19.999999999999996,-20.0
MRK,MERCK & CO INC COM,Bearish Call Modified Butterfly,-720.02,-400.0,3000.0000000000114,400.0,1349.999999998795,2600.0000000000114,50.98,49.02,0.15384615384615316,0.5192307692303034,Call,84.0,10.0,Call,85.0,-30.0,Call,87.0,20.0,-450.0000000000001,-70.0,9.999999999999998,-29.999999999999993,-20.0
MRK,MERCK & CO INC COM,Bearish Call Modified Butterfly,-302.38,-629.9999999999989,2000.0000000000114,629.9999999999989,1579.9999999987938,1370.0000000000125,45.13,54.87,0.45985401459853514,1.1532846715319558,Call,83.5,10.0,Call,84.5,-30.0,Call,86.0,20.0,-260.0000000000001,19.99999999999997,30.000000000000004,10.000000000000009,2.7755575615628914e-15
