Underlying,Description,Name,Expected PnL,Cost of Strategy,Total Debit,Leg_profit,Max_Profit,Max_Loss,Prob of Profit,Prob of Loss,Leg_Profit_Factor,Profit_Factor,Strike_1_type,Strike_1,Strike_1_alloc,Strike_2_type,Strike_2,Strike_2_alloc,Strike_3_type,Strike_3,Strike_3_alloc,Strategy_Delta,Strategy_Gamma,Strategy_Theta,Strategy_Vega,Strategy_Rho
NEM,NEWMONT CORPORATION COM,Bullish Put Modified Butterfly,-203.68,-250.00000000000045,1500.0000000000114,250.00000000000045,1694.9999999995248,1250.000000000011,55.47,44.53,0.19999999999999862,1.355999999999608,Put,65.5,20.0,Put,67.0,-30.0,Put,68.5,10.0,160.00000000000014,-29.999999999999982,29.999999999999982,-30.0,20.0
NEM,NEWMONT CORPORATION COM,Bullish Put Modified Butterfly,-171.56,-210.0,1000.0000000000114,210.0,1154.9999999995243,790.0000000000114,52.22,47.78,0.2658227848101228,1.4620253164550732,Put,66.0,20.0,Put,67.0,-30.0,Put,68.0,10.0,110.00000000000023,-9.999999999999964,-4.440892098500626e-14,-9.999999999999993,-2.7755575615628914e-15
NEM,NEWMONT CORPORATION COM,Bullish Put Modified Butterfly,-160.85,-70.00000000000045,500.00000000001137,70.00000000000045,514.9999999995247,430.0000000000109,48.96,51.04,0.16279069767441554,1.1976744186035153,Put,66.5,20.0,Put,67.0,-30.0,Put,67.5,10.0,40.0000000000003,4.440892098500626e-14,-4.440892098500626e-14,1.1102230246251565e-14,-2.7755575615628914e-15
NEM,NEWMONT CORPORATION COM,Bullish Put Modified Butterfly,-178.59,-260.0000000000009,1000.0000000000114,260.0000000000009,1204.999999999511,740.0000000000105,46.8,53.2,0.3513513513513476,1.6283783783776944,Put,66.5,20.0,Put,67.5,-30.0,Put,68.5,10.0,119.99999999999993,-9.999999999999964,9.999999999999964,-9.999999999999993,-2.7755575615628914e-15
NEM,NEWMONT CORPORATION COM,Bullish Put Modified Butterfly,-178.41,-80.00000000000045,500.00000000001137,80.00000000000045,524.9999999995105,420.0000000000109,43.6,56.4,0.1904761904761866,1.2499999999988018,Put,67.0,20.0,Put,67.5,-30.0,Put,68.0,10.0,69.99999999999984,-9.999999999999964,-4.440892098500626e-14,-9.999999999999993,-2.7755575615628914e-15
