Underlying,Description,Name,Expected PnL,Cost of Strategy,Total Debit,Leg_profit,Max_Profit,Max_Loss,Prob of Profit,Prob of Loss,Leg_Profit_Factor,Profit_Factor,Strike_1_type,Strike_1,Strike_1_alloc,Strike_2_type,Strike_2,Strike_2_alloc,Strike_3_type,Strike_3,Strike_3_alloc,Strategy_Delta,Strategy_Gamma,Strategy_Theta,Strategy_Vega,Strategy_Rho
NKE,NIKE INC COM CL B,Bearish Call Modified Butterfly,-570.53,-429.99999999999955,3000.0000000000227,429.99999999999955,3375.00000000076,2570.000000000023,45.85,54.15,0.1673151750972746,1.3132295719847196,Call,107.0,10.0,Call,110.0,-30.0,Call,113.0,20.0,-429.9999999999999,0.0,9.999999999999964,0.0,2.7755575615628914e-15
NKE,NIKE INC COM CL B,Bearish Call Modified Butterfly,-326.01,-149.99999999999955,1000.0000000000227,149.99999999999955,1095.0000000007885,850.0000000000232,45.01,54.99,0.17647058823528877,1.2882352941185395,Call,110.0,10.0,Call,111.0,-30.0,Call,112.0,20.0,-109.99999999999979,10.000000000000032,19.99999999999997,-9.999999999999986,2.7755575615628914e-15
NKE,NIKE INC COM CL B,Bearish Call Modified Butterfly,-414.32,-479.99999999999955,2000.0000000000227,479.99999999999955,2425.0000000007603,1520.0000000000232,41.69,58.31,0.3157894736842054,1.5953947368425812,Call,108.0,10.0,Call,110.0,-30.0,Call,112.0,20.0,-259.9999999999996,10.000000000000009,-19.99999999999997,9.999999999999986,2.7755575615628914e-15
