Underlying,Name,Expected PnL,Cost of Strategy,Max_Profit,Max_Loss,Prob of Profit,Prob of Loss,Exp_Pnl/Max_Loss,Profit_Factor,Strategy_Delta,Strategy_Gamma,Strategy_Theta,Strategy_Vega,Strategy_Rho,Strike_1_type,Strike_1,Strike_1_alloc,Strike_2_type,Strike_2,Strike_2_alloc
UPRO,Bear Put Spread,-9.75,120.0,130.0,120.0,44.67,55.33,-0.08125,1.0833333333333333,-19.999999999999996,0.9999999999999996,0.9999999999999996,0.0,0.0,Put,57.5,-1.0,Put,60.0,1.0
UPRO,Bear Put Spread,-9.37,69.99999999999997,80.00000000000003,69.99999999999997,40.98,59.02,-0.1338571428571429,1.1428571428571437,-12.0,0.9999999999999996,0.9999999999999996,1.0000000000000002,0.0,Put,57.5,-1.0,Put,59.0,1.0
