Underlying,Name,Expected PnL,Cost of Strategy,Max_Profit,Max_Loss,Prob of Profit,Prob of Loss,Exp_Pnl/Max_Loss,Profit_Factor,Strategy_Delta,Strategy_Gamma,Strategy_Theta,Strategy_Vega,Strategy_Rho,Strike_1_type,Strike_1,Strike_1_alloc,Strike_2_type,Strike_2,Strike_2_alloc
XLE,Bull Call Spread,-1.93,68.0,32.0,68.0,63.26,36.73,-0.02838235294117647,0.47058823529411764,16.000000000000004,-2.0000000000000018,0.0,0.0,0.0,Call,35.0,1.0,Call,36.0,-1.0
XLE,Bull Call Spread,0.25,92.0,58.0,92.0,57.73,42.27,0.002717391304347826,0.6304347826086957,25.000000000000007,-2.0000000000000018,0.0,0.0,0.0,Call,35.0,1.0,Call,36.5,-1.0
XLE,Bull Call Spread,3.73,110.0,90.0,110.0,55.85,44.15,0.03390909090909091,0.8181818181818182,33.0,-1.0000000000000009,0.0,0.0,1.0,Call,35.0,1.0,Call,37.0,-1.0
XLE,Bull Call Spread,-3.83,30.0,20.0,30.0,52.06,47.93,-0.12766666666666668,0.6666666666666666,9.000000000000002,0.0,0.0,0.0,0.0,Call,36.0,1.0,Call,36.5,-1.0
XLE,Bull Call Spread,-0.35,48.0,52.0,48.0,48.27,51.72,-0.007291666666666666,1.0833333333333333,17.0,1.0000000000000009,0.0,0.0,1.0,Call,36.0,1.0,Call,37.0,-1.0
XLE,Bull Call Spread,1.68,63.0,87.0,63.0,44.52,55.48,0.026666666666666665,1.380952380952381,25.0,3.0,-0.9999999999999999,0.9999999999999999,1.0,Call,36.0,1.0,Call,37.5,-1.0
XLE,Bull Call Spread,4.7,73.0,127.0,73.0,42.66,57.33,0.06438356164383562,1.7397260273972603,32.0,5.000000000000002,-0.9999999999999999,0.9999999999999999,1.0,Call,36.0,1.0,Call,38.0,-1.0
XLE,Bull Call Spread,-2.52,24.0,26.0,24.0,42.66,57.33,-0.105,1.0833333333333333,7.9999999999999964,1.0000000000000009,0.0,0.0,1.0,Call,36.5,1.0,Call,37.0,-1.0
XLE,Bull Call Spread,-0.49,39.0,61.0,39.0,40.82,59.17,-0.012564102564102564,1.564102564102564,15.999999999999998,3.0,-0.9999999999999999,0.9999999999999999,1.0,Call,36.5,1.0,Call,37.5,-1.0
