Underlying,Description,Name,Expected PnL,Cost of Strategy,Total Debit,Leg_profit,Max_Profit,Max_Loss,Prob of Profit,Prob of Loss,Leg_Profit_Factor,Profit_Factor,Strike_1_type,Strike_1,Strike_1_alloc,Strike_2_type,Strike_2,Strike_2_alloc,Strike_3_type,Strike_3,Strike_3_alloc,Strategy_Delta,Strategy_Gamma,Strategy_Theta,Strategy_Vega,Strategy_Rho
ADBE,ADOBE INC COM,Bearish Call Modified Butterfly,-302.57,-500.0,2500.0000000000227,500.0,2979.9999999393094,2000.0000000000227,64.31,35.69,0.24999999999999717,1.4899999999696378,Call,522.5,10.0,Call,525.0,-20.0,Call,530.0,10.0,-49.999999999999915,0.0,189.99999999999986,-20.000000000000018,-10.000000000000004
ADBE,ADOBE INC COM,Bearish Call Modified Butterfly,-773.4,-750.0,5000.0000000000455,750.0,5729.999999940446,4250.0000000000455,61.93,38.07,0.17647058823529224,1.34823529410362,Call,515.0,10.0,Call,520.0,-20.0,Call,530.0,10.0,-69.99999999999974,0.0,169.99999999999994,-20.000000000000018,0.0
ADBE,ADOBE INC COM,Bearish Call Modified Butterfly,-1752.83,-1050.0,7500.0000000000455,1050.0,8529.999999943288,6450.0000000000455,50.88,49.12,0.16279069767441745,1.322480620146237,Call,500.0,10.0,Call,507.5,-20.0,Call,522.5,10.0,-90.00000000000003,0.0,140.00000000000023,-20.000000000000018,-9.999999999999986
ADBE,ADOBE INC COM,Bearish Call Modified Butterfly,-880.8,-1500.0,5000.000000000023,1500.0,6479.999999943857,3500.0000000000227,45.48,54.52,0.42857142857142577,1.8514285714125185,Call,500.0,10.0,Call,505.0,-20.0,Call,515.0,10.0,-50.0,0.0,159.99999999999997,-20.000000000000018,1.1102230246251565e-14
