Underlying,Description,Name,Expected PnL,Cost of Strategy,Total Debit,Leg_profit,Max_Profit,Max_Loss,Prob of Profit,Prob of Loss,Leg_Profit_Factor,Profit_Factor,Strike_1_type,Strike_1,Strike_1_alloc,Strike_2_type,Strike_2,Strike_2_alloc,Strike_3_type,Strike_3,Strike_3_alloc,Strategy_Delta,Strategy_Gamma,Strategy_Theta,Strategy_Vega,Strategy_Rho
MSFT,MICROSOFT CORP COM,Bearish Call Modified Butterfly,-693.3,-350.0,2500.0000000000114,350.0,2804.9999999937313,2150.0000000000114,47.59,52.41,0.16279069767441776,1.304651162787775,Call,222.5,10.0,Call,225.0,-20.0,Call,230.0,10.0,-80.00000000000016,0.0,9.999999999999964,2.220446049250313e-14,9.999999999999998
MSFT,MICROSOFT CORP COM,Bearish Call Modified Butterfly,-877.4,-1150.0,5000.000000000011,1150.0,6104.9999999940155,3850.000000000011,42.23,57.77,0.29870129870129786,1.5857142857127269,Call,215.0,10.0,Call,220.0,-20.0,Call,230.0,10.0,-190.00000000000003,9.999999999999998,-30.00000000000003,10.000000000000009,-9.999999999999998
MSFT,MICROSOFT CORP COM,Bearish Call Modified Butterfly,-752.94,-500.0,2500.0000000000114,500.0,2954.999999993845,2000.0000000000114,40.35,59.65,0.24999999999999858,1.477499999996914,Call,220.0,10.0,Call,222.5,-20.0,Call,227.5,10.0,-89.99999999999986,-9.999999999999998,-9.999999999999964,9.999999999999986,-9.999999999999998
