Underlying,Description,Name,Expected PnL,Cost of Strategy,Total Debit,Leg_profit,Max_Profit,Max_Loss,Prob of Profit,Prob of Loss,Leg_Profit_Factor,Profit_Factor,Strike_1_type,Strike_1,Strike_1_alloc,Strike_2_type,Strike_2,Strike_2_alloc,Strike_3_type,Strike_3,Strike_3_alloc,Strategy_Delta,Strategy_Gamma,Strategy_Theta,Strategy_Vega,Strategy_Rho
MU,MICRON TECHNOLOGY INC COM,Bearish Call Modified Butterfly,-137.08,-160.00000000000045,1000.0000000000057,160.00000000000045,1105.0000000003206,840.0000000000052,57.08,42.92,0.19047619047618983,1.315476190476564,Call,44.5,10.0,Call,45.5,-30.0,Call,46.5,20.0,-150.00000000000026,-19.999999999999996,29.99999999999997,-29.99999999999999,10.0
MU,MICRON TECHNOLOGY INC COM,Bearish Call Modified Butterfly,-92.87,-110.00000000000045,500.0000000000057,110.00000000000045,555.0000000003205,390.00000000000523,52.72,47.28,0.28205128205127944,1.4230769230777258,Call,45.0,10.0,Call,45.5,-30.0,Call,46.0,20.0,-80.00000000000026,0.0,9.999999999999964,-9.999999999999998,10.0
MU,MICRON TECHNOLOGY INC COM,Bearish Call Modified Butterfly,-122.16,-249.99999999999955,1000.0000000000057,249.99999999999955,1195.0000000003124,750.0000000000061,49.77,50.23,0.33333333333333,1.593333333333737,Call,44.0,10.0,Call,45.0,-30.0,Call,46.0,20.0,-190.00000000000003,-30.000000000000004,-9.999999999999998,20.0,-20.0
MU,MICRON TECHNOLOGY INC COM,Bearish Call Modified Butterfly,-140.28,-100.0,500.0000000000057,100.0,545.0000000003129,400.0000000000057,45.33,54.67,0.24999999999999645,1.3625000000007628,Call,44.5,10.0,Call,45.0,-30.0,Call,45.5,20.0,-90.00000000000013,-19.999999999999996,-20.000000000000007,20.0,-20.0
