Underlying,Description,Name,Expected PnL,Cost of Strategy,Total Debit,Leg_profit,Max_Profit,Max_Loss,Prob of Profit,Prob of Loss,Leg_Profit_Factor,Profit_Factor,Strike_1_type,Strike_1,Strike_1_alloc,Strike_2_type,Strike_2,Strike_2_alloc,Strike_3_type,Strike_3,Strike_3_alloc,Strategy_Delta,Strategy_Gamma,Strategy_Theta,Strategy_Vega,Strategy_Rho
XOP,SPDR SERIES TRUST S&P OIL & GAS EXPL & PRODTN,Bearish Call Modified Butterfly,-281.63,-150.0,1000.0000000000114,150.0,1139.9999999992701,850.0000000000114,45.69,54.31,0.17647058823529177,1.3411764705873588,Call,51.0,10.0,Call,52.0,-30.0,Call,53.0,20.0,-129.9999999999999,4.440892098500626e-14,9.999999999999986,-9.999999999999998,-20.0
XOP,SPDR SERIES TRUST S&P OIL & GAS EXPL & PRODTN,Bearish Call Modified Butterfly,-267.8,-350.0,1500.0000000000114,350.0,1839.9999999992986,1150.0000000000114,44.48,55.52,0.3043478260869535,1.5999999999993741,Call,50.0,10.0,Call,51.5,-30.0,Call,53.0,20.0,-230.00000000000006,4.440892098500626e-14,29.999999999999982,-9.999999999999998,-20.0
XOP,SPDR SERIES TRUST S&P OIL & GAS EXPL & PRODTN,Bearish Call Modified Butterfly,-214.37,-590.0,2000.0000000000114,590.0,2579.999999999299,1410.0000000000114,42.06,57.94,0.41843971631205334,1.8297872340420411,Call,49.0,10.0,Call,51.0,-30.0,Call,53.0,20.0,-330.00000000000006,10.000000000000009,10.000000000000009,20.0,-20.0
