Underlying,Description,Name,Expected PnL,Cost of Strategy,Total Debit,Leg_profit,Max_Profit,Max_Loss,Prob of Profit,Prob of Loss,Leg_Profit_Factor,Profit_Factor,Strike_1_type,Strike_1,Strike_1_alloc,Strike_2_type,Strike_2,Strike_2_alloc,Strike_3_type,Strike_3,Strike_3_alloc,Strategy_Delta,Strategy_Gamma,Strategy_Theta,Strategy_Vega,Strategy_Rho
DHI,DR HORTON INC COM,Bearish Call Modified Butterfly,-572.89,-480.0,3500.0000000000114,480.0,1939.9999999989564,3020.0000000000114,62.56,37.44,0.15894039735099277,0.6423841059599169,Call,71.0,10.0,Call,72.5,-30.0,Call,75.0,20.0,-259.99999999999994,-19.99999999999997,39.99999999999999,-29.999999999999982,2.7755575615628914e-15
DHI,DR HORTON INC COM,Bearish Call Modified Butterfly,-578.99,-670.0,4500.000000000023,670.0,3129.999999998985,3830.0000000000227,59.94,40.06,0.17493472584856293,0.8172323759788425,Call,69.0,10.0,Call,71.5,-30.0,Call,75.0,20.0,-360.00000000000034,-39.99999999999999,50.0,-29.999999999999982,10.000000000000004
