Underlying,Description,Name,Expected PnL,Cost of Strategy,Total Debit,Leg_profit,Max_Profit,Max_Loss,Prob of Profit,Prob of Loss,Leg_Profit_Factor,Profit_Factor,Strike_1_type,Strike_1,Strike_1_alloc,Strike_2_type,Strike_2,Strike_2_alloc,Strike_3_type,Strike_3,Strike_3_alloc,Strategy_Delta,Strategy_Gamma,Strategy_Theta,Strategy_Vega,Strategy_Rho
DIS,WALT DISNEY COMPANY (THE) COM,Bullish Put Modified Butterfly,-627.89,-270.0,2000.0000000000227,270.0,2209.9999999920965,1730.0000000000227,47.46,52.54,0.15606936416184766,1.2774566473942586,Put,135.0,20.0,Put,137.0,-30.0,Put,139.0,10.0,99.99999999999991,0.0,19.99999999999997,20.000000000000018,19.99999999999999
DIS,WALT DISNEY COMPANY (THE) COM,Bullish Put Modified Butterfly,-828.21,-470.0,3000.0000000000227,470.0,3409.999999991983,2530.0000000000227,45.73,54.27,0.1857707509881406,1.3478260869533407,Put,135.0,20.0,Put,138.0,-30.0,Put,141.0,10.0,179.9999999999999,-10.000000000000009,-10.000000000000009,10.000000000000009,9.999999999999986
