Underlying,Description,Name,Expected PnL,Cost of Strategy,Total Debit,Leg_profit,Max_Profit,Max_Loss,Prob of Profit,Prob of Loss,Leg_Profit_Factor,Profit_Factor,Strike_1_type,Strike_1,Strike_1_alloc,Strike_2_type,Strike_2,Strike_2_alloc,Strike_3_type,Strike_3,Strike_3_alloc,Strategy_Delta,Strategy_Gamma,Strategy_Theta,Strategy_Vega,Strategy_Rho
JPM,JP MORGAN CHASE & CO COM,Bullish Put Modified Butterfly,-749.52,-840.0,4000.0000000000114,840.0,4810.0000000015625,3160.0000000000114,44.59,55.41,0.2658227848101256,1.5221518987346663,Put,102.0,20.0,Put,106.0,-30.0,Put,110.0,10.0,289.9999999999999,-29.99999999999999,10.000000000000009,-9.999999999999998,9.999999999999986
JPM,JP MORGAN CHASE & CO COM,Bullish Put Modified Butterfly,-639.75,-759.9999999999991,3000.0000000000114,759.9999999999991,3730.000000001561,2240.0000000000123,41.56,58.44,0.339285714285712,1.6651785714292593,Put,103.0,20.0,Put,106.0,-30.0,Put,109.0,10.0,209.99999999999997,-19.999999999999986,-20.000000000000007,0.0,9.999999999999986
