Underlying,Description,Name,Expected PnL,Cost of Strategy,Total Debit,Leg_profit,Max_Profit,Max_Loss,Prob of Profit,Prob of Loss,Leg_Profit_Factor,Profit_Factor,Strike_1_type,Strike_1,Strike_1_alloc,Strike_2_type,Strike_2,Strike_2_alloc,Strike_3_type,Strike_3,Strike_3_alloc,Strategy_Delta,Strategy_Gamma,Strategy_Theta,Strategy_Vega,Strategy_Rho
NEM,NEWMONT CORPORATION COM,Bullish Put Modified Butterfly,-355.37,-420.0,2500.0000000000114,420.0,2864.99999999951,2080.0000000000114,53.48,46.52,0.20192307692307582,1.377403846153603,Put,65.0,20.0,Put,67.5,-30.0,Put,70.0,10.0,200.00000000000034,-9.999999999999998,29.99999999999997,0.0,-10.000000000000004
NEM,NEWMONT CORPORATION COM,Bullish Put Modified Butterfly,-374.07,-350.0,2000.0000000000114,350.0,2294.99999999951,1650.0000000000114,51.3,48.7,0.21212121212121066,1.3909090909087842,Put,65.5,20.0,Put,67.5,-30.0,Put,69.5,10.0,140.00000000000023,-9.999999999999998,29.99999999999997,0.0,-10.000000000000004
NEM,NEWMONT CORPORATION COM,Bullish Put Modified Butterfly,-291.64,-329.99999999999955,1500.0000000000114,329.99999999999955,1774.9999999995096,1170.0000000000118,49.12,50.88,0.28205128205127883,1.5170940170935825,Put,66.0,20.0,Put,67.5,-30.0,Put,69.0,10.0,120.00000000000028,20.000000000000007,19.99999999999997,0.0,-10.000000000000004
NEM,NEWMONT CORPORATION COM,Bullish Put Modified Butterfly,-383.09,-420.0,2000.0000000000114,420.0,2364.99999999951,1580.0000000000114,47.68,52.32,0.26582278481012467,1.4968354430376536,Put,66.0,20.0,Put,68.0,-30.0,Put,70.0,10.0,179.9999999999999,9.999999999999998,29.99999999999997,0.0,19.999999999999996
NEM,NEWMONT CORPORATION COM,Bullish Put Modified Butterfly,-397.02,-340.0,1500.0000000000114,340.0,1784.99999999951,1160.0000000000114,42.0,58.0,0.2931034482758592,1.5387931034478384,Put,67.0,20.0,Put,68.5,-30.0,Put,70.0,10.0,110.00000000000014,9.999999999999998,9.999999999999975,0.0,19.999999999999996
