Underlying,Description,Name,Expected PnL,Cost of Strategy,Total Debit,Leg_profit,Max_Profit,Max_Loss,Prob of Profit,Prob of Loss,Leg_Profit_Factor,Profit_Factor,Strike_1_type,Strike_1,Strike_1_alloc,Strike_2_type,Strike_2,Strike_2_alloc,Strike_3_type,Strike_3,Strike_3_alloc,Strategy_Delta,Strategy_Gamma,Strategy_Theta,Strategy_Vega,Strategy_Rho
RCL,ROYAL CARIBBEAN GROUP COM,Bearish Call Modified Butterfly,-1149.74,-2200.0,9000.000000000011,2200.0,3160.000000000491,6800.000000000011,58.41,41.21,0.32352941176470534,0.46470588235301263,Call,69.0,10.0,Call,70.0,-30.0,Call,75.0,20.0,-320.0000000000001,1.1102230246251565e-14,29.999999999999936,0.0,2.7755575615628914e-15
RCL,ROYAL CARIBBEAN GROUP COM,Bearish Call Modified Butterfly,-1612.85,-2400.0,10500.000000000011,2400.0,3860.000000000491,8100.000000000011,55.95,43.68,0.2962962962962959,0.4765432098766032,Call,67.5,10.0,Call,69.0,-30.0,Call,75.0,20.0,-369.9999999999998,1.1102230246251565e-14,10.000000000000009,0.0,10.000000000000004
RCL,ROYAL CARIBBEAN GROUP COM,Bearish Call Modified Butterfly,-2252.49,-2450.0,12000.000000000011,2450.0,4410.000000000463,9550.000000000011,53.43,46.19,0.25654450261780076,0.46178010471208986,Call,66.0,10.0,Call,68.0,-30.0,Call,75.0,20.0,-430.00000000000006,1.1102230246251565e-14,49.99999999999996,0.0,10.000000000000004
RCL,ROYAL CARIBBEAN GROUP COM,Bearish Call Modified Butterfly,-1923.8,-2150.0,13000.000000000011,2150.0,9110.000000000435,10850.000000000011,51.24,48.38,0.19815668202764958,0.8396313364055692,Call,58.0,10.0,Call,65.0,-30.0,Call,75.0,20.0,-569.9999999999998,10.000000000000009,30.00000000000003,-19.999999999999996,-19.999999999999996
RCL,ROYAL CARIBBEAN GROUP COM,Bearish Call Modified Butterfly,-2065.56,-2700.0,14500.000000000011,2700.0,10160.000000000413,11800.000000000011,49.4,50.22,0.22881355932203368,0.8610169491525765,Call,56.5,10.0,Call,64.0,-30.0,Call,75.0,20.0,-660.0,1.1102230246251565e-14,-10.000000000000053,0.0,-19.999999999999996
