Underlying,Name,Expected PnL,Cost of Strategy,Max_Profit,Max_Loss,Prob of Profit,Prob of Loss,Exp_Pnl/Max_Loss,Profit_Factor,Strategy_Delta,Strategy_Gamma,Strategy_Theta,Strategy_Vega,Strategy_Rho,Strike_1_type,Strike_1,Strike_1_alloc,Strike_2_type,Strike_2,Strike_2_alloc
FITB,Bull Call Spread,9.87,204.99999999999997,95.00000000000003,204.99999999999997,62.65,37.35,0.048146341463414635,0.46341463414634165,52.0,-12.000000000000002,1.9999999999999998,-1.0,0.0,Call,18.0,1.0,Call,21.0,-1.0
FITB,Bull Call Spread,2.35,125.0,75.0,125.0,58.72,41.28,0.0188,0.6,38.0,-5.000000000000002,0.9999999999999999,-1.0,0.0,Call,19.0,1.0,Call,21.0,-1.0
FITB,Bull Call Spread,15.07,234.99999999999997,165.00000000000003,234.99999999999997,56.74,43.26,0.06412765957446809,0.7021276595744683,70.0,-8.0,1.0,0.0,0.0,Call,18.0,1.0,Call,22.0,-1.0
FITB,Bull Call Spread,7.56,155.0,145.0,155.0,52.75,47.25,0.04877419354838709,0.9354838709677419,56.00000000000001,-1.0000000000000009,0.0,0.0,0.0,Call,19.0,1.0,Call,22.0,-1.0
