Underlying,Name,Expected PnL,Cost of Strategy,Max_Profit,Max_Loss,Prob of Profit,Prob of Loss,Exp_Pnl/Max_Loss,Profit_Factor,Strategy_Delta,Strategy_Gamma,Strategy_Theta,Strategy_Vega,Strategy_Rho,Strike_1_type,Strike_1,Strike_1_alloc,Strike_2_type,Strike_2,Strike_2_alloc
MET,Bull Call Spread,0.7,136.00000000000003,63.99999999999997,136.00000000000003,64.3,35.7,0.00514705882352941,0.47058823529411736,26.999999999999996,-3.9999999999999996,1.0000000000000002,-0.9999999999999999,0.0,Call,37.0,1.0,Call,39.0,-1.0
MET,Bull Call Spread,0.7,88.0,112.0,88.0,45.74,54.26,0.007954545454545454,1.2727272727272727,28.000000000000004,3.0,-1.0000000000000002,0.9999999999999999,1.0,Call,38.5,1.0,Call,40.5,-1.0
