Underlying,Description,Name,Expected PnL,Cost of Strategy,Total Debit,Leg_profit,Max_Profit,Max_Loss,Prob of Profit,Prob of Loss,Leg_Profit_Factor,Profit_Factor,Strike_1_type,Strike_1,Strike_1_alloc,Strike_2_type,Strike_2,Strike_2_alloc,Strike_3_type,Strike_3,Strike_3_alloc,Strategy_Delta,Strategy_Gamma,Strategy_Theta,Strategy_Vega,Strategy_Rho
BA,BOEING CO COM,Bearish Call Modified Butterfly,-1516.99,-1050.0000000000036,7500.000000000023,1050.0000000000036,8549.999999995343,6450.000000000019,47.17,52.83,0.1627906976744187,1.3255813953481113,Call,162.5,10.0,Call,170.0,-30.0,Call,177.5,20.0,-299.99999999999983,-9.999999999999993,8.881784197001252e-14,10.000000000000009,-9.999999999999998
BA,BOEING CO COM,Bearish Call Modified Butterfly,-1463.98,-750.0000000000036,5000.000000000023,750.0000000000036,5749.9999999953425,4250.000000000019,43.17,56.83,0.17647058823529418,1.3529411764694863,Call,165.0,10.0,Call,170.0,-30.0,Call,175.0,20.0,-179.9999999999999,-9.999999999999993,-9.999999999999964,20.000000000000007,10.000000000000004
BA,BOEING CO COM,Bearish Call Modified Butterfly,-1493.99,-1700.0,7500.000000000023,1700.0,9199.999999995482,5800.000000000023,41.18,58.82,0.29310344827586093,1.5862068965509388,Call,160.0,10.0,Call,167.5,-30.0,Call,175.0,20.0,-330.00000000000006,-19.999999999999996,-119.99999999999993,29.999999999999982,10.000000000000004
