Underlying,Description,Name,Expected PnL,Cost of Strategy,Total Debit,Leg_profit,Max_Profit,Max_Loss,Prob of Profit,Prob of Loss,Leg_Profit_Factor,Profit_Factor,Strike_1_type,Strike_1,Strike_1_alloc,Strike_2_type,Strike_2,Strike_2_alloc,Strike_3_type,Strike_3,Strike_3_alloc,Strategy_Delta,Strategy_Gamma,Strategy_Theta,Strategy_Vega,Strategy_Rho
NVDA,NVIDIA CORP COM,Bullish Put Modified Butterfly,-1199.07,-1750.0,10000.000000000091,1750.0,11694.999999941047,8250.000000000091,59.77,40.23,0.2121212121212098,1.417575757568596,Put,512.5,20.0,Put,522.5,-30.0,Put,532.5,10.0,129.9999999999999,5.551115123125783e-15,200.00000000000034,-59.999999999999964,30.000000000000004
NVDA,NVIDIA CORP COM,Bullish Put Modified Butterfly,-1896.05,-1350.0,10000.000000000045,1350.0,11294.999999940364,8650.000000000045,56.58,43.42,0.15606936416184888,1.3057803468139082,Put,515.0,20.0,Put,525.0,-30.0,Put,535.0,10.0,139.99999999999994,2.7755575615628914e-15,160.00000000000014,-49.999999999999865,9.999999999999998
NVDA,NVIDIA CORP COM,Bullish Put Modified Butterfly,-964.28,-1800.0,7500.000000000091,1800.0,9244.999999940364,5700.000000000091,55.4,44.6,0.3157894736842055,1.6219298245509153,Put,517.5,20.0,Put,525.0,-30.0,Put,532.5,10.0,99.99999999999964,2.7755575615628914e-15,130.00000000000006,-19.99999999999984,9.999999999999998
NVDA,NVIDIA CORP COM,Bullish Put Modified Butterfly,-1742.11,-1250.0,7500.0000000000455,1250.0,8694.99999993991,6250.0000000000455,52.07,47.93,0.19999999999999854,1.3911999999903755,Put,520.0,20.0,Put,527.5,-30.0,Put,535.0,10.0,79.99999999999999,2.7755575615628914e-15,90.00000000000021,-29.99999999999985,9.999999999999998
NVDA,NVIDIA CORP COM,Bullish Put Modified Butterfly,-1515.12,-700.0,5000.000000000091,700.0,5644.99999993991,4300.000000000091,50.28,49.72,0.16279069767441517,1.3127906976604165,Put,522.5,20.0,Put,527.5,-30.0,Put,532.5,10.0,39.99999999999986,2.7755575615628914e-15,79.99999999999972,8.881784197001252e-14,-9.999999999999998
