Underlying,Description,Name,Expected PnL,Cost of Strategy,Total Debit,Leg_profit,Max_Profit,Max_Loss,Prob of Profit,Prob of Loss,Leg_Profit_Factor,Profit_Factor,Strike_1_type,Strike_1,Strike_1_alloc,Strike_2_type,Strike_2,Strike_2_alloc,Strike_3_type,Strike_3,Strike_3_alloc,Strategy_Delta,Strategy_Gamma,Strategy_Theta,Strategy_Vega,Strategy_Rho
CMCSA,COMCAST CORP COM CL A,Bearish Call Modified Butterfly,-147.68,-330.0,1500.0000000000057,330.0,1810.0000000003024,1170.0000000000057,49.02,50.98,0.28205128205128066,1.547008547008798,Call,42.0,10.0,Call,43.5,-30.0,Call,45.0,20.0,-369.99999999999994,-4.440892098500626e-14,9.999999999999998,-9.999999999999998,2.7755575615628914e-15
CMCSA,COMCAST CORP COM CL A,Bearish Call Modified Butterfly,-229.18,-199.99999999999977,1000.0000000000057,199.99999999999977,1180.0000000003022,800.0000000000059,44.23,55.77,0.24999999999999786,1.475000000000367,Call,42.5,10.0,Call,43.5,-30.0,Call,44.5,20.0,-229.9999999999999,60.00000000000001,-1.1102230246251565e-14,-9.999999999999998,2.7755575615628914e-15
