Underlying,Description,Name,Expected PnL,Cost of Strategy,Total Debit,Leg_profit,Max_Profit,Max_Loss,Prob of Profit,Prob of Loss,Leg_Profit_Factor,Profit_Factor,Strike_1_type,Strike_1,Strike_1_alloc,Strike_2_type,Strike_2,Strike_2_alloc,Strike_3_type,Strike_3,Strike_3_alloc,Strategy_Delta,Strategy_Gamma,Strategy_Theta,Strategy_Vega,Strategy_Rho
MRVL,MARVELL TECH GROUP COM,Bearish Call Modified Butterfly,-306.29,-240.0,1500.0000000000057,240.0,1689.9999999994911,1260.0000000000057,46.61,53.39,0.1904761904761896,1.3412698412694313,Call,35.5,10.0,Call,37.0,-30.0,Call,38.5,20.0,-230.00000000000026,-19.99999999999997,9.999999999999986,-9.999999999999998,2.7755575615628914e-15
MRVL,MARVELL TECH GROUP COM,Bearish Call Modified Butterfly,-277.74,-180.0,1000.0000000000057,180.0,1129.9999999994911,820.0000000000057,42.65,57.35,0.2195121951219497,1.3780487804871748,Call,36.0,10.0,Call,37.0,-30.0,Call,38.0,20.0,-130.00000000000006,4.440892098500626e-14,9.999999999999986,-9.999999999999998,2.7755575615628914e-15
MRVL,MARVELL TECH GROUP COM,Bearish Call Modified Butterfly,-410.71,-700.0,3000.0000000000055,700.0,3649.999999999534,2300.0000000000055,40.02,59.97,0.3043478260869558,1.586956521738924,Call,32.5,10.0,Call,35.5,-30.0,Call,38.5,20.0,-579.9999999999998,40.000000000000036,-10.000000000000009,9.999999999999998,2.7755575615628914e-15
MRVL,MARVELL TECH GROUP COM,Bearish Call Modified Butterfly,-310.96,-350.0,1500.0000000000057,350.0,1799.9999999995055,1150.0000000000057,40.02,59.97,0.30434782608695504,1.56521739130391,Call,35.0,10.0,Call,36.5,-30.0,Call,38.0,20.0,-229.99999999999972,30.00000000000003,9.999999999999986,20.0,2.7755575615628914e-15
