Underlying,Description,Name,Expected PnL,Cost of Strategy,Total Debit,Leg_profit,Max_Profit,Max_Loss,Prob of Profit,Prob of Loss,Leg_Profit_Factor,Profit_Factor,Strike_1_type,Strike_1,Strike_1_alloc,Strike_2_type,Strike_2,Strike_2_alloc,Strike_3_type,Strike_3,Strike_3_alloc,Strategy_Delta,Strategy_Gamma,Strategy_Theta,Strategy_Vega,Strategy_Rho
MS,MORGAN STANLEY COM,Bearish Call Modified Butterfly,-309.43,-290.0,1500.0000000000114,290.0,1735.0000000003556,1210.0000000000114,45.83,54.17,0.23966942148760106,1.4338842975209416,Call,50.0,10.0,Call,51.5,-30.0,Call,53.0,20.0,-219.99999999999974,-19.99999999999993,-1.1102230246251565e-14,1.1102230246251565e-14,2.7755575615628914e-15
MS,MORGAN STANLEY COM,Bearish Call Modified Butterfly,-332.97,-440.0000000000009,2000.0000000000114,440.0000000000009,2385.0000000003492,1560.0000000000105,43.6,56.4,0.2820512820512807,1.5288461538463676,Call,49.0,10.0,Call,51.0,-30.0,Call,53.0,20.0,-390.00000000000006,-49.99999999999996,-20.000000000000007,-9.999999999999986,-9.999999999999998
MS,MORGAN STANLEY COM,Bearish Call Modified Butterfly,-283.15,-410.0000000000018,1500.0000000000114,410.0000000000018,1855.0000000003502,1090.0000000000095,41.39,58.61,0.37614678899082404,1.7018348623856274,Call,49.5,10.0,Call,51.0,-30.0,Call,52.5,20.0,-230.00000000000006,-49.99999999999996,-20.000000000000007,-9.999999999999986,-9.999999999999998
