Underlying,Description,Name,Expected PnL,Cost of Strategy,Total Debit,Leg_profit,Max_Profit,Max_Loss,Prob of Profit,Prob of Loss,Leg_Profit_Factor,Profit_Factor,Strike_1_type,Strike_1,Strike_1_alloc,Strike_2_type,Strike_2,Strike_2_alloc,Strike_3_type,Strike_3,Strike_3_alloc,Strategy_Delta,Strategy_Gamma,Strategy_Theta,Strategy_Vega,Strategy_Rho
TNA,DIREXION SHARES ETF TRUST DLY SMCAP BULL3X ETF,Bullish Put Modified Butterfly,-517.73,-290.0,2000.0000000000057,290.0,2234.999999999737,1710.0000000000057,47.61,51.85,0.16959064327485324,1.307017543859491,Put,34.5,20.0,Put,36.5,-30.0,Put,38.5,10.0,159.99999999999997,-29.99999999999996,9.999999999999986,-9.999999999999993,-2.7755575615628914e-15
TNA,DIREXION SHARES ETF TRUST DLY SMCAP BULL3X ETF,Bullish Put Modified Butterfly,-439.31,-240.0,1500.0000000000057,240.0,1684.9999999997374,1260.0000000000057,45.56,53.9,0.1904761904761896,1.337301587301373,Put,35.0,20.0,Put,36.5,-30.0,Put,38.0,10.0,130.00000000000017,-9.999999999999986,9.999999999999986,-9.999999999999993,-2.7755575615628914e-15
TNA,DIREXION SHARES ETF TRUST DLY SMCAP BULL3X ETF,Bullish Put Modified Butterfly,-584.29,-299.9999999999991,2000.0000000000057,299.9999999999991,2244.999999999722,1700.0000000000066,44.21,55.26,0.1764705882352929,1.320588235293949,Put,35.0,20.0,Put,37.0,-30.0,Put,39.0,10.0,200.00000000000009,-19.999999999999986,9.999999999999986,-9.999999999999993,-2.7755575615628914e-15
