Underlying,Name,Expected PnL,Cost of Strategy,Max_Profit,Max_Loss,Prob of Profit,Prob of Loss,Exp_Pnl/Max_Loss,Profit_Factor,Strategy_Delta,Strategy_Gamma,Strategy_Theta,Strategy_Vega,Strategy_Rho,Strike_1_type,Strike_1,Strike_1_alloc,Strike_2_type,Strike_2,Strike_2_alloc
YANG,Bull Call Spread,13.82,215.0,185.0,215.0,53.18,44.64,0.06427906976744187,0.8604651162790697,43.00000000000001,-1.0000000000000009,2.0000000000000004,-1.0,1.0,Call,23.0,1.0,Call,27.0,-1.0
YANG,Bull Call Spread,8.07,145.00000000000003,154.99999999999997,145.00000000000003,49.41,48.41,0.05565517241379309,1.068965517241379,33.00000000000001,0.0,1.0000000000000002,0.0,1.0,Call,24.0,1.0,Call,27.0,-1.0
YANG,Bull Call Spread,13.36,170.00000000000003,229.99999999999997,170.00000000000003,46.98,50.84,0.07858823529411763,1.3529411764705879,41.0,1.0000000000000009,1.0000000000000002,0.0,1.0,Call,24.0,1.0,Call,28.0,-1.0
YANG,Bull Call Spread,4.97,115.0,185.0,115.0,41.32,56.5,0.043217391304347826,1.608695652173913,29.000000000000004,2.0000000000000004,0.0,0.0,0.0,Call,25.0,1.0,Call,28.0,-1.0
