Underlying,Description,Name,Expected PnL,Cost of Strategy,Total Debit,Leg_profit,Max_Profit,Max_Loss,Prob of Profit,Prob of Loss,Leg_Profit_Factor,Profit_Factor,Strike_1_type,Strike_1,Strike_1_alloc,Strike_2_type,Strike_2,Strike_2_alloc,Strike_3_type,Strike_3,Strike_3_alloc,Strategy_Delta,Strategy_Gamma,Strategy_Theta,Strategy_Vega,Strategy_Rho
MU,MICRON TECHNOLOGY INC COM,Bearish Call Modified Butterfly,-66.72,-100.00000000000045,500.0000000000014,100.00000000000045,554.999999999679,400.00000000000097,57.08,42.92,0.25000000000000056,1.387499999999194,Call,45.0,10.0,Call,45.5,-20.0,Call,46.5,10.0,-70.00000000000001,0.0,19.999999999999996,-19.999999999999996,10.0
MU,MICRON TECHNOLOGY INC COM,Bearish Call Modified Butterfly,-93.39,-109.99999999999955,500.0000000000014,109.99999999999955,564.9999999996852,390.0000000000019,49.77,50.23,0.28205128205127955,1.4487179487171347,Call,44.5,10.0,Call,45.0,-20.0,Call,46.0,10.0,-90.00000000000003,-19.999999999999996,-9.999999999999998,9.999999999999998,-10.0
MU,MICRON TECHNOLOGY INC COM,Bearish Call Modified Butterfly,-72.03,-169.99999999999955,500.0000000000014,169.99999999999955,624.9999999996924,330.0000000000019,43.85,56.15,0.5151515151515108,1.893939393938451,Call,44.0,10.0,Call,44.5,-20.0,Call,45.5,10.0,-89.99999999999986,9.999999999999986,1.1102230246251565e-14,9.999999999999998,-10.0
