Underlying,Description,Name,Expected PnL,Cost of Strategy,Total Debit,Leg_profit,Max_Profit,Max_Loss,Prob of Profit,Prob of Loss,Leg_Profit_Factor,Profit_Factor,Strike_1_type,Strike_1,Strike_1_alloc,Strike_2_type,Strike_2,Strike_2_alloc,Strike_3_type,Strike_3,Strike_3_alloc,Strategy_Delta,Strategy_Gamma,Strategy_Theta,Strategy_Vega,Strategy_Rho
XOP,SPDR SERIES TRUST S&P OIL & GAS EXPL & PRODTN,Bearish Call Modified Butterfly,-226.28,-150.0,1000.0000000000028,150.0,1144.9999999996494,850.0000000000028,46.91,53.09,0.17647058823529352,1.3470588235289949,Call,50.5,10.0,Call,51.5,-20.0,Call,53.5,10.0,-149.99999999999983,-10.000000000000032,19.99999999999997,-9.999999999999998,-10.0
XOP,SPDR SERIES TRUST S&P OIL & GAS EXPL & PRODTN,Bearish Call Modified Butterfly,-215.28,-350.0000000000009,1500.0000000000027,350.0000000000009,1844.9999999996644,1150.0000000000018,43.26,56.74,0.3043478260869568,1.6043478260866622,Call,49.0,10.0,Call,50.5,-20.0,Call,53.5,10.0,-240.00000000000023,-9.999999999999986,2.220446049250313e-14,9.999999999999998,-10.0
XOP,SPDR SERIES TRUST S&P OIL & GAS EXPL & PRODTN,Bearish Call Modified Butterfly,-154.51,-290.0,1000.0000000000028,290.0,1284.9999999996494,710.0000000000028,42.06,57.94,0.40845070422535046,1.8098591549290763,Call,50.0,10.0,Call,51.0,-20.0,Call,53.0,10.0,-150.00000000000017,2.220446049250313e-14,10.000000000000009,9.999999999999998,-10.0
