Underlying,Description,Name,Expected PnL,Cost of Strategy,Total Debit,Leg_profit,Max_Profit,Max_Loss,Prob of Profit,Prob of Loss,Leg_Profit_Factor,Profit_Factor,Strike_1_type,Strike_1,Strike_1_alloc,Strike_2_type,Strike_2,Strike_2_alloc,Strike_3_type,Strike_3,Strike_3_alloc,Strategy_Delta,Strategy_Gamma,Strategy_Theta,Strategy_Vega,Strategy_Rho
JNJ,JOHNSON & JOHNSON COM,Bearish Call Modified Butterfly,-745.36,-4270.0,12000.000000000022,4270.0,7230.0000000083355,7730.000000000022,51.06,48.94,0.5523932729624823,0.9353169469609722,Call,147.0,10.0,Call,150.0,-30.0,Call,157.5,20.0,-829.9999999999999,9.999999999999986,30.000000000000004,-20.000000000000018,-59.999999999999986
JNJ,JOHNSON & JOHNSON COM,Bearish Call Modified Butterfly,-256.15,-3809.9999999999995,8000.000000000024,3809.9999999999995,5770.000000008335,4190.000000000024,46.58,53.42,0.9093078758949829,1.3770883054912415,Call,148.0,10.0,Call,150.0,-30.0,Call,155.0,20.0,-549.9999999999997,30.000000000000004,9.999999999999986,19.99999999999997,-39.99999999999999
