Underlying,Description,Name,Expected PnL,Cost of Strategy,Total Debit,Leg_profit,Max_Profit,Max_Loss,Prob of Profit,Prob of Loss,Leg_Profit_Factor,Profit_Factor,Strike_1_type,Strike_1,Strike_1_alloc,Strike_2_type,Strike_2,Strike_2_alloc,Strike_3_type,Strike_3,Strike_3_alloc,Strategy_Delta,Strategy_Gamma,Strategy_Theta,Strategy_Vega,Strategy_Rho
UPS,UNITED PARCEL SERVICE INC COM CL B,Bearish Call Modified Butterfly,-476.48,-340.0000000000009,2500.0000000000227,340.0000000000009,2819.999999995386,2160.000000000022,57.67,42.33,0.15740740740740625,1.3055555555534064,Call,160.0,10.0,Call,162.5,-30.0,Call,165.0,20.0,-120.00000000000011,-19.999999999999996,29.999999999999936,-30.00000000000003,-19.999999999999986
UPS,UNITED PARCEL SERVICE INC COM CL B,Bearish Call Modified Butterfly,-644.15,-1350.0,5000.000000000023,1350.0,6329.99999999567,3650.0000000000227,43.85,56.15,0.36986301369862784,1.7342465753412686,Call,152.5,10.0,Call,157.5,-30.0,Call,162.5,20.0,-259.9999999999998,0.0,0.0,4.440892098500626e-14,-19.999999999999996
