Underlying,Description,Name,Expected PnL,Cost of Strategy,Leg_profit,Max_Profit,Max_Loss,Prob of Profit,Prob of Loss,Exp_Pnl/Max_Loss,Profit_Factor,Leg_Profit_Factor,Strike_1_type,Strike_1,Strike_1_alloc,Strike_2_type,Strike_2,Strike_2_alloc,Strike_3_type,Strike_3,Strike_3_alloc,Strategy_Delta,Strategy_Gamma,Strategy_Theta,Strategy_Vega,Strategy_Rho
ABT,ABBOTT LABORATORIES COM,Bearish Call Modified Butterfly,-1256.95,-1180.0,1180.0,2175.0000000008004,7820.000000000022,60.78,39.22,-0.16073529411764662,0.2781329923274673,0.1508951406649612,Call,110.0,10.0,Call,111.0,-30.0,Call,116.0,20.0,-509.9999999999998,-39.99999999999999,100.00000000000004,-39.99999999999997,-20.0
ABT,ABBOTT LABORATORIES COM,Bearish Call Modified Butterfly,-1831.51,-1990.0000000000002,1990.0000000000002,2985.000000000772,13010.000000000022,56.11,43.89,-0.14077709454265924,0.22943889315916735,0.15295926210607202,Call,109.0,10.0,Call,110.0,-30.0,Call,118.0,20.0,-710.0,-50.0,150.00000000000006,-39.99999999999997,-20.0
ABT,ABBOTT LABORATORIES COM,Bearish Call Modified Butterfly,-1756.1,-1630.0,1630.0,2625.000000000772,9370.000000000022,55.32,44.68,-0.18741728922091738,0.28014941302035923,0.17395944503735286,Call,109.0,10.0,Call,110.0,-30.0,Call,116.0,20.0,-630.0000000000001,-30.000000000000004,150.00000000000006,-39.99999999999997,-20.0
ABT,ABBOTT LABORATORIES COM,Bearish Call Modified Butterfly,-1814.3,-1230.0,1230.0,2225.000000000772,7770.000000000022,53.73,46.27,-0.23350064350064284,0.28635778635788495,0.15830115830115785,Call,109.0,10.0,Call,110.0,-30.0,Call,115.0,20.0,-510.00000000000006,-30.000000000000004,90.00000000000003,-19.99999999999997,2.7755575615628914e-15
