Underlying,Description,Name,Expected PnL,Cost of Strategy,Leg_profit,Max_Profit,Max_Loss,Prob of Profit,Prob of Loss,Exp_Pnl/Max_Loss,Profit_Factor,Leg_Profit_Factor,Strike_1_type,Strike_1,Strike_1_alloc,Strike_2_type,Strike_2,Strike_2_alloc,Strike_3_type,Strike_3,Strike_3_alloc,Strategy_Delta,Strategy_Gamma,Strategy_Theta,Strategy_Vega,Strategy_Rho
EWJ,ISHARES INC MSCI JPN ETF NEW,Bearish Call Modified Butterfly,-202.37,-290.0000000000001,290.0000000000001,740.0000000004151,1210.0000000000114,58.36,41.64,-0.16724793388429596,0.6115702479342215,0.23966942148760115,Call,57.5,10.0,Call,58.0,-30.0,Call,59.0,20.0,-450.0000000000001,-129.99999999999997,19.999999999999996,1.1102230246251565e-14,-20.0
EWJ,ISHARES INC MSCI JPN ETF NEW,Bearish Call Modified Butterfly,-261.12,-350.0,350.0,1300.0000000004006,1650.0000000000114,53.14,46.86,-0.15825454545454437,0.7878787878790252,0.21212121212121066,Call,56.5,10.0,Call,57.5,-30.0,Call,59.0,20.0,-650.0000000000001,-150.00000000000009,40.0,-9.999999999999998,-20.0
EWJ,ISHARES INC MSCI JPN ETF NEW,Bearish Call Modified Butterfly,-247.82,-769.9999999999998,769.9999999999998,1220.0000000004006,1730.0000000000116,50.49,49.51,-0.14324855491329383,0.7052023121389551,0.44508670520230903,Call,57.0,10.0,Call,57.5,-30.0,Call,59.0,20.0,-720.0,-100.00000000000009,29.999999999999993,-9.999999999999998,-20.0
