Underlying,Description,Name,Expected PnL,Cost of Strategy,Leg_profit,Max_Profit,Max_Loss,Prob of Profit,Prob of Loss,Exp_Pnl/Max_Loss,Profit_Factor,Leg_Profit_Factor,Strike_1_type,Strike_1,Strike_1_alloc,Strike_2_type,Strike_2,Strike_2_alloc,Strike_3_type,Strike_3,Strike_3_alloc,Strategy_Delta,Strategy_Gamma,Strategy_Theta,Strategy_Vega,Strategy_Rho
MDLZ,MONDELEZ INTL INC COM CL A,Bearish Call Modified Butterfly,-420.45,-540.0,540.0,995.0000000004104,1960.0000000000114,54.15,45.85,-0.21451530612244774,0.5076530612246962,0.27551020408163107,Call,57.5,10.0,Call,58.0,-30.0,Call,59.5,20.0,-670.0,-160.00000000000006,19.999999999999996,-19.999999999999986,-20.0
MDLZ,MONDELEZ INTL INC COM CL A,Bearish Call Modified Butterfly,-285.01,-340.0,340.0,795.0000000004104,1160.0000000000114,52.42,47.58,-0.24569827586206655,0.685344827586554,0.2931034482758592,Call,57.5,10.0,Call,58.0,-30.0,Call,59.0,20.0,-430.0,-60.00000000000006,-1.1102230246251565e-14,1.1102230246251565e-14,-20.0
MDLZ,MONDELEZ INTL INC COM CL A,Bearish Call Modified Butterfly,-478.21,-1030.0,1030.0,1485.0000000004034,2470.0000000000114,50.68,49.32,-0.19360728744939182,0.6012145748989459,0.41700404858299406,Call,57.0,10.0,Call,57.5,-30.0,Call,59.5,20.0,-889.9999999999999,-79.99999999999999,29.999999999999993,-29.999999999999993,-20.0
