Underlying,Description,Name,Expected PnL,Cost of Strategy,Leg_profit,Max_Profit,Max_Loss,Prob of Profit,Prob of Loss,Exp_Pnl/Max_Loss,Profit_Factor,Leg_Profit_Factor,Strike_1_type,Strike_1,Strike_1_alloc,Strike_2_type,Strike_2,Strike_2_alloc,Strike_3_type,Strike_3,Strike_3_alloc,Strategy_Delta,Strategy_Gamma,Strategy_Theta,Strategy_Vega,Strategy_Rho
NEM,NEWMONT CORPORATION COM,Bullish Put Modified Butterfly,-209.34,-280.0000000000001,280.0000000000001,1224.9999999995384,1220.0000000000114,57.46,42.54,-0.17159016393442464,1.00409836065535,0.22950819672130943,Call,65.5,20.0,Call,66.0,-30.0,Call,68.5,10.0,-129.99999999999977,0.0,29.999999999999982,-30.0,-9.999999999999998
NEM,NEWMONT CORPORATION COM,Bullish Put Modified Butterfly,-313.22,-420.000000000001,420.000000000001,1364.9999999995393,1580.0000000000105,53.2,46.8,-0.19824050632911264,0.8639240506326141,0.26582278481012545,Call,65.0,20.0,Call,65.5,-30.0,Call,68.5,10.0,-210.0,-20.000000000000018,0.0,5.551115123125783e-15,-9.999999999999998
NEM,NEWMONT CORPORATION COM,Bullish Put Modified Butterfly,-298.25,-270.000000000001,270.000000000001,1214.9999999995393,1230.0000000000105,52.12,47.88,-0.2424796747967459,0.9878048780483976,0.2195121951219502,Call,65.0,20.0,Call,65.5,-30.0,Call,68.0,10.0,-160.00000000000006,-20.000000000000018,0.0,10.000000000000009,-9.999999999999998
NEM,NEWMONT CORPORATION COM,Bullish Put Modified Butterfly,-335.63,-670.000000000001,670.000000000001,1614.9999999995537,1830.0000000000105,51.04,48.96,-0.1834043715846984,0.8825136612019369,0.36612021857923344,Call,64.5,20.0,Call,65.0,-30.0,Call,68.5,10.0,-259.99999999999983,10.000000000000009,39.99999999999999,5.551115123125783e-15,-9.999999999999998
