Underlying,Name,Expected PnL,Cost of Strategy,Max_Profit,Max_Loss,Prob of Profit,Prob of Loss,Exp_Pnl/Max_Loss,Profit_Factor,Strategy_Delta,Strategy_Gamma,Strategy_Theta,Strategy_Vega,Strategy_Rho,Strike_1_type,Strike_1,Strike_1_alloc,Strike_2_type,Strike_2,Strike_2_alloc
FE,Bull Call Spread,7.12,240.0,160.0,240.0,56.24,43.62,0.029666666666666668,0.6666666666666666,59.0,-5.000000000000002,0.9999999999999999,-1.0,1.0,Call,27.0,1.0,Call,31.0,-1.0
FE,Bull Call Spread,5.96,155.0,145.0,155.0,52.33,47.53,0.0384516129032258,0.9354838709677419,49.0,0.0,0.9999999999999999,0.0,1.0,Call,28.0,1.0,Call,31.0,-1.0
FE,Bull Call Spread,5.93,175.0,225.0,175.0,48.42,51.44,0.03388571428571428,1.2857142857142858,61.0,4.000000000000001,0.0,1.0,1.0,Call,28.0,1.0,Call,32.0,-1.0
