Underlying,Name,Expected PnL,Cost of Strategy,Max_Profit,Max_Loss,Prob of Profit,Prob of Loss,Exp_Pnl/Max_Loss,Profit_Factor,Strategy_Delta,Strategy_Gamma,Strategy_Theta,Strategy_Vega,Strategy_Rho,Strike_1_type,Strike_1,Strike_1_alloc,Strike_2_type,Strike_2,Strike_2_alloc
IFF,Bull Call Spread,15.15,1075.0,425.0,1075.0,63.69,36.31,0.014093023255813953,0.3953488372093023,48.0,-2.0,4.000000000000001,-3.0,0.9999999999999999,Call,115.0,1.0,Call,130.0,-1.0
IFF,Bull Call Spread,0.98,655.0,345.0,655.0,60.45,39.55,0.0014961832061068702,0.5267175572519084,36.0,-1.0000000000000002,1.0000000000000009,-0.9999999999999996,0.9999999999999999,Call,120.0,1.0,Call,130.0,-1.0
IFF,Bull Call Spread,49.24,1215.0,785.0,1215.0,57.95,42.05,0.04052674897119342,0.6460905349794238,65.99999999999999,-0.9999999999999999,0.0,-1.0000000000000009,1.9999999999999998,Call,115.0,1.0,Call,135.0,-1.0
IFF,Bull Call Spread,35.07,795.0,705.0,795.0,54.52,45.48,0.04411320754716981,0.8867924528301887,54.0,0.0,-3.0,0.9999999999999996,1.9999999999999998,Call,120.0,1.0,Call,135.0,-1.0
IFF,Bull Call Spread,30.68,425.0,575.0,425.0,48.82,51.18,0.07218823529411765,1.3529411764705883,37.99999999999999,1.0000000000000002,-5.000000000000002,3.0,1.0,Call,125.0,1.0,Call,135.0,-1.0
