Underlying,Name,Expected PnL,Cost of Strategy,Max_Profit,Max_Loss,Prob of Profit,Prob of Loss,Exp_Pnl/Max_Loss,Profit_Factor,Strategy_Delta,Strategy_Gamma,Strategy_Theta,Strategy_Vega,Strategy_Rho,Strike_1_type,Strike_1,Strike_1_alloc,Strike_2_type,Strike_2,Strike_2_alloc
LNC,Bull Call Spread,22.32,545.0,205.0,545.0,65.55,34.44,0.04095412844036697,0.3761467889908257,60.999999999999986,-8.0,3.0,-1.9999999999999998,0.0,Call,32.5,1.0,Call,40.0,-1.0
LNC,Bull Call Spread,14.91,325.0,175.0,325.0,63.31,36.68,0.04587692307692308,0.5384615384615384,48.00000000000001,-4.000000000000001,0.0,-0.9999999999999999,1.0,Call,35.0,1.0,Call,40.0,-1.0
LNC,Bull Call Spread,6.32,139.99999999999997,110.00000000000003,139.99999999999997,58.1,41.89,0.04514285714285715,0.785714285714286,26.999999999999996,0.0,-1.0000000000000002,0.0,1.0,Call,37.5,1.0,Call,40.0,-1.0
