Underlying,Name,Expected PnL,Cost of Strategy,Max_Profit,Max_Loss,Prob of Profit,Prob of Loss,Exp_Pnl/Max_Loss,Profit_Factor,Strategy_Delta,Strategy_Gamma,Strategy_Theta,Strategy_Vega,Strategy_Rho,Strike_1_type,Strike_1,Strike_1_alloc,Strike_2_type,Strike_2,Strike_2_alloc
T,Bull Call Spread,0.25,34.0,16.0,34.0,64.91,35.09,0.007352941176470588,0.47058823529411764,16.000000000000004,-4.0000000000000036,1.0,0.0,0.0,Call,29.5,1.0,Call,30.0,-1.0
T,Bull Call Spread,0.48,112.0,88.0,112.0,52.37,47.63,0.004285714285714286,0.7857142857142857,59.0,-0.9999999999999981,0.0,0.0,1.0,Call,29.0,1.0,Call,31.0,-1.0
T,Bull Call Spread,0.81,71.0,79.0,71.0,47.82,52.18,0.011408450704225352,1.1126760563380282,48.0,4.999999999999999,0.0,0.0,1.0,Call,29.5,1.0,Call,31.0,-1.0
T,Bull Call Spread,3.11,75.0,125.0,75.0,47.82,52.18,0.041466666666666666,1.6666666666666667,54.0,13.999999999999998,0.0,1.0,1.0,Call,29.5,1.0,Call,31.5,-1.0
