Underlying,Name,Expected PnL,Cost of Strategy,Max_Profit,Max_Loss,Prob of Profit,Prob of Loss,Exp_Pnl/Max_Loss,Profit_Factor,Strategy_Delta,Strategy_Gamma,Strategy_Theta,Strategy_Vega,Strategy_Rho,Strike_1_type,Strike_1,Strike_1_alloc,Strike_2_type,Strike_2,Strike_2_alloc
WDC,Bull Call Spread,0.37,156.0,94.0,156.0,58.72,41.12,0.002371794871794872,0.6025641025641025,30.0,-3.0,1.0000000000000002,-0.9999999999999999,0.0,Call,35.0,1.0,Call,37.5,-1.0
WDC,Bull Call Spread,1.37,104.0,96.0,104.0,51.92,47.92,0.013173076923076925,0.9230769230769231,27.0,2.0000000000000018,1.0000000000000002,0.0,0.0,Call,36.0,1.0,Call,38.0,-1.0
WDC,Bull Call Spread,3.14,89.0,111.0,89.0,47.86,51.97,0.035280898876404496,1.247191011235955,23.0,0.9999999999999996,0.0,0.0,1.0,Call,36.5,1.0,Call,38.5,-1.0
WDC,Bull Call Spread,4.11,60.0,90.0,60.0,43.88,55.96,0.0685,1.5,17.000000000000004,2.0000000000000004,0.0,0.0,1.0,Call,37.0,1.0,Call,38.5,-1.0
WDC,Bull Call Spread,4.38,75.0,125.0,75.0,42.57,57.26,0.0584,1.6666666666666667,23.000000000000004,2.0000000000000004,0.0,0.9999999999999999,1.0,Call,37.0,1.0,Call,39.0,-1.0
