Underlying,Name,Expected PnL,Cost of Strategy,Max_Profit,Max_Loss,Prob of Profit,Prob of Loss,Exp_Pnl/Max_Loss,Profit_Factor,Strategy_Delta,Strategy_Gamma,Strategy_Theta,Strategy_Vega,Strategy_Rho,Strike_1_type,Strike_1,Strike_1_alloc,Strike_2_type,Strike_2,Strike_2_alloc
AIG,Bull Call Spread,-5.87,212.0,88.0,212.0,60.3,39.66,-0.02768867924528302,0.41509433962264153,50.0,-7.999999999999999,1.9999999999999998,-1.0,1.0,Call,26.0,1.0,Call,29.0,-1.0
AIG,Bull Call Spread,-0.54,125.0,75.0,125.0,58.47,41.49,-0.00432,0.6,32.99999999999999,-3.9999999999999982,0.0,0.0,1.0,Call,27.0,1.0,Call,29.0,-1.0
AIG,Bull Call Spread,18.67,240.0,160.0,240.0,57.65,42.3,0.07779166666666668,0.6666666666666666,66.0,-4.000000000000001,1.0,-1.0,1.0,Call,26.0,1.0,Call,30.0,-1.0
AIG,Bull Call Spread,24.0,153.0,147.0,153.0,56.9,43.05,0.1568627450980392,0.9607843137254902,49.0,0.0,-0.9999999999999999,0.0,1.0,Call,27.0,1.0,Call,30.0,-1.0
AIG,Bull Call Spread,-6.91,64.0,36.0,64.0,55.59,44.36,-0.10796875,0.5625,17.000000000000004,-0.9999999999999981,0.0,0.0,1.0,Call,28.0,1.0,Call,29.0,-1.0
AIG,Bull Call Spread,17.63,92.0,108.0,92.0,54.52,45.44,0.1916304347826087,1.173913043478261,33.00000000000001,3.0,-0.9999999999999999,0.0,1.0,Call,28.0,1.0,Call,30.0,-1.0
AIG,Bull Call Spread,17.54,35.0,65.0,35.0,52.68,47.28,0.5011428571428571,1.8571428571428572,16.0,3.9999999999999982,-0.9999999999999999,0.0,0.0,Call,29.0,1.0,Call,30.0,-1.0
