Underlying,Name,Expected PnL,Cost of Strategy,Max_Profit,Max_Loss,Prob of Profit,Prob of Loss,Exp_Pnl/Max_Loss,Profit_Factor,Strategy_Delta,Strategy_Gamma,Strategy_Theta,Strategy_Vega,Strategy_Rho,Strike_1_type,Strike_1,Strike_1_alloc,Strike_2_type,Strike_2,Strike_2_alloc
CVX,Bull Call Spread,-6.08,123.0,77.0,123.0,57.12,42.88,-0.04943089430894309,0.6260162601626016,14.999999999999996,-0.9999999999999996,0.0,-1.0000000000000009,1.0,Call,84.0,1.0,Call,86.0,-1.0
CVX,Bull Call Spread,-9.94,111.0,89.0,111.0,49.86,50.14,-0.08954954954954955,0.8018018018018018,15.000000000000002,0.9999999999999996,-1.0000000000000009,1.0000000000000009,0.0,Call,85.0,1.0,Call,87.0,-1.0
