Underlying,Name,Expected PnL,Cost of Strategy,Max_Profit,Max_Loss,Prob of Profit,Prob of Loss,Exp_Pnl/Max_Loss,Profit_Factor,Strategy_Delta,Strategy_Gamma,Strategy_Theta,Strategy_Vega,Strategy_Rho,Strike_1_type,Strike_1,Strike_1_alloc,Strike_2_type,Strike_2,Strike_2_alloc
WBA,Bull Call Spread,-6.82,34.0,16.0,34.0,52.79,47.21,-0.20058823529411765,0.47058823529411764,7.000000000000001,1.0000000000000009,0.0,0.0,0.0,Call,39.5,1.0,Call,40.0,-1.0
WBA,Bull Call Spread,-9.07,60.0,40.0,60.0,50.06,49.94,-0.15116666666666667,0.6666666666666666,14.000000000000002,3.0,0.0,0.0,1.0,Call,39.5,1.0,Call,40.5,-1.0
WBA,Bull Call Spread,6.69,64.0,86.0,64.0,48.61,51.39,0.10453125,1.34375,23.0,3.0,0.0,0.9999999999999999,1.0,Call,39.5,1.0,Call,41.0,-1.0
WBA,Bull Call Spread,12.2,74.0,126.0,74.0,47.11,52.89,0.16486486486486485,1.7027027027027026,28.999999999999996,5.000000000000002,-0.9999999999999999,0.9999999999999999,1.0,Call,39.5,1.0,Call,41.5,-1.0
WBA,Bull Call Spread,-6.49,50.0,50.0,50.0,43.98,56.02,-0.1298,1.0,15.999999999999998,1.9999999999999991,0.0,0.9999999999999999,1.0,Call,40.0,1.0,Call,41.0,-1.0
WBA,Bull Call Spread,-0.97,60.0,90.0,60.0,42.35,57.65,-0.016166666666666666,1.5,21.999999999999996,4.000000000000001,-0.9999999999999999,0.9999999999999999,1.0,Call,40.0,1.0,Call,41.5,-1.0
WBA,Bull Call Spread,3.49,67.0,133.0,67.0,40.7,59.3,0.05208955223880597,1.9850746268656716,24.0,6.0,-0.9999999999999999,0.9999999999999999,1.0,Call,40.0,1.0,Call,42.0,-1.0
