Underlying,Description,Name,Expected PnL,Cost of Strategy,Total Debit,Leg_profit,Max_Profit,Max_Loss,Prob of Profit,Prob of Loss,Leg_Profit_Factor,Profit_Factor,Strike_1_type,Strike_1,Strike_1_alloc,Strike_2_type,Strike_2,Strike_2_alloc,Strike_3_type,Strike_3,Strike_3_alloc,Strategy_Delta,Strategy_Gamma,Strategy_Theta,Strategy_Vega,Strategy_Rho
MA,MASTERCARD INCORPORATED COM CL A,Bearish Call Modified Butterfly,-2046.78,-1550.0,10000.000000000045,1550.0,11509.999999990088,8450.000000000045,43.16,56.84,0.18343195266272092,1.3621301775136125,Call,347.5,10.0,Call,357.5,-30.0,Call,367.5,20.0,-370.0000000000001,9.999999999999998,30.00000000000007,-30.00000000000007,-19.999999999999996
MA,MASTERCARD INCORPORATED COM CL A,Bearish Call Modified Butterfly,-2453.55,-2100.0,12500.000000000045,2100.0,14559.99999999026,10400.000000000045,40.48,59.52,0.20192307692307604,1.3999999999990573,Call,342.5,10.0,Call,355.0,-30.0,Call,367.5,20.0,-450.00000000000034,0.0,59.999999999999964,0.0,-80.0
MA,MASTERCARD INCORPORATED COM CL A,Bearish Call Modified Butterfly,-1460.83,-1900.0,7500.0000000000455,1900.0,9359.999999990088,5600.0000000000455,40.21,59.79,0.3392857142857115,1.671428571426788,Call,350.0,10.0,Call,357.5,-30.0,Call,365.0,20.0,-249.99999999999983,9.999999999999998,20.000000000000284,-10.000000000000053,1.1102230246251565e-14
