Underlying,Description,Name,Expected PnL,Cost of Strategy,Total Debit,Leg_profit,Max_Profit,Max_Loss,Prob of Profit,Prob of Loss,Leg_Profit_Factor,Profit_Factor,Strike_1_type,Strike_1,Strike_1_alloc,Strike_2_type,Strike_2,Strike_2_alloc,Strike_3_type,Strike_3,Strike_3_alloc,Strategy_Delta,Strategy_Gamma,Strategy_Theta,Strategy_Vega,Strategy_Rho
MSFT,MICROSOFT CORP COM,Bearish Call Modified Butterfly,-638.26,-400.0,2500.0000000000455,400.0,2854.999999993561,2100.0000000000455,51.07,48.93,0.19047619047618636,1.3595238095207138,Call,225.0,10.0,Call,227.5,-30.0,Call,230.0,20.0,-60.0000000000005,1.1102230246251565e-14,19.99999999999993,-10.000000000000009,5.551115123125783e-15
MSFT,MICROSOFT CORP COM,Bearish Call Modified Butterfly,-1006.78,-900.0,5000.0000000000455,900.0,5854.999999993732,4100.0000000000455,47.91,52.09,0.21951219512194878,1.4280487804862603,Call,220.0,10.0,Call,225.0,-30.0,Call,230.0,20.0,-170.00000000000028,-9.999999999999993,29.999999999999893,4.440892098500626e-14,10.000000000000004
MSFT,MICROSOFT CORP COM,Bearish Call Modified Butterfly,-1411.07,-1300.0,7500.0000000000455,1300.0,8754.999999993845,6200.0000000000455,44.75,55.25,0.20967741935483716,1.4120967741925452,Call,215.0,10.0,Call,222.5,-30.0,Call,230.0,20.0,-290.00000000000006,-9.999999999999998,0.0,10.000000000000009,-19.999999999999986
MSFT,MICROSOFT CORP COM,Bearish Call Modified Butterfly,-1344.6,-1000.0,5000.0000000000455,1000.0,5954.9999999938445,4000.0000000000455,40.35,59.65,0.24999999999999717,1.4887499999984442,Call,217.5,10.0,Call,222.5,-30.0,Call,227.5,20.0,-179.99999999999972,-9.999999999999998,-9.999999999999964,10.000000000000009,-19.999999999999986
