Underlying,Description,Name,Expected PnL,Cost of Strategy,Total Debit,Leg_profit,Max_Profit,Max_Loss,Prob of Profit,Prob of Loss,Leg_Profit_Factor,Profit_Factor,Strike_1_type,Strike_1,Strike_1_alloc,Strike_2_type,Strike_2,Strike_2_alloc,Strike_3_type,Strike_3,Strike_3_alloc,Strategy_Delta,Strategy_Gamma,Strategy_Theta,Strategy_Vega,Strategy_Rho
TGT,TARGET CORP COM,Bearish Call Modified Butterfly,-1428.59,-1130.000000000001,8000.000000000023,1130.000000000001,3080.000000008459,6870.000000000022,55.91,44.09,0.16448326055312915,0.4483260553141848,Call,148.0,10.0,Call,150.0,-30.0,Call,155.0,20.0,-539.9999999999998,-49.999999999999986,89.99999999999999,-49.999999999999986,-19.999999999999996
TGT,TARGET CORP COM,Bearish Call Modified Butterfly,-802.6,-930.0000000000009,4000.0000000000227,930.0000000000009,1880.0000000084592,3070.000000000022,51.62,48.38,0.30293159609120335,0.6123778501656175,Call,149.0,10.0,Call,150.0,-30.0,Call,152.5,20.0,-309.9999999999996,2.220446049250313e-14,39.99999999999999,2.220446049250313e-14,-19.999999999999996
TGT,TARGET CORP COM,Bearish Call Modified Butterfly,-1279.22,-840.0000000000009,5000.000000000023,840.0000000000009,2790.0000000083455,4160.000000000022,47.28,52.72,0.2019230769230761,0.6706730769250795,Call,147.0,10.0,Call,149.0,-30.0,Call,152.5,20.0,-410.0000000000001,-19.999999999999986,29.99999999999995,-29.999999999999982,-19.999999999999996
TGT,TARGET CORP COM,Bearish Call Modified Butterfly,-1181.37,-1300.0,6000.000000000023,1300.0,4250.000000008231,4700.000000000023,45.84,54.16,0.27659574468084974,0.904255319150683,Call,145.0,10.0,Call,148.0,-30.0,Call,152.5,20.0,-549.9999999999998,-10.000000000000009,9.999999999999964,-10.000000000000009,-19.999999999999996
