Underlying,Description,Name,Expected PnL,Cost of Strategy,Total Debit,Leg_profit,Max_Profit,Max_Loss,Prob of Profit,Prob of Loss,Leg_Profit_Factor,Profit_Factor,Strike_1_type,Strike_1,Strike_1_alloc,Strike_2_type,Strike_2,Strike_2_alloc,Strike_3_type,Strike_3,Strike_3_alloc,Strategy_Delta,Strategy_Gamma,Strategy_Theta,Strategy_Vega,Strategy_Rho
CVS,CVS HEALTH CORPORATION COM,Bearish Call Modified Butterfly,-236.48,-320.0,1500.0000000000114,320.0,1809.999999999128,1180.0000000000114,47.77,52.23,0.2711864406779635,1.533898305083992,Call,60.5,10.0,Call,62.0,-30.0,Call,63.5,20.0,-209.99999999999977,10.000000000000009,9.999999999999986,-10.000000000000009,2.7755575615628914e-15
CVS,CVS HEALTH CORPORATION COM,Bearish Call Modified Butterfly,-210.08,-250.0,1000.0000000000114,250.0,1239.999999999128,750.0000000000114,44.0,56.0,0.33333333333332826,1.6533333333321456,Call,61.0,10.0,Call,62.0,-30.0,Call,63.0,20.0,-99.99999999999983,30.00000000000003,9.999999999999986,-10.000000000000009,2.7755575615628914e-15
