Underlying,Description,Name,Expected PnL,Cost of Strategy,Total Debit,Leg_profit,Max_Profit,Max_Loss,Prob of Profit,Prob of Loss,Leg_Profit_Factor,Profit_Factor,Strike_1_type,Strike_1,Strike_1_alloc,Strike_2_type,Strike_2,Strike_2_alloc,Strike_3_type,Strike_3,Strike_3_alloc,Strategy_Delta,Strategy_Gamma,Strategy_Theta,Strategy_Vega,Strategy_Rho
EBAY,EBAY INC COM,Bullish Put Modified Butterfly,-248.8,-210.0,1500.0000000000114,210.0,1674.9999999996055,1290.0000000000114,54.75,45.25,0.16279069767441717,1.2984496124027836,Put,53.0,20.0,Put,54.5,-30.0,Put,56.0,10.0,160.00000000000014,0.0,29.999999999999982,1.1102230246251565e-14,-2.7755575615628914e-15
EBAY,EBAY INC COM,Bullish Put Modified Butterfly,-222.48,-160.00000000000045,1000.0000000000114,160.00000000000045,1124.999999999606,840.0000000000109,52.65,47.35,0.19047619047618855,1.3392857142852277,Put,53.5,20.0,Put,54.5,-30.0,Put,55.5,10.0,120.00000000000011,20.000000000000018,29.999999999999982,1.1102230246251565e-14,-2.7755575615628914e-15
EBAY,EBAY INC COM,Bullish Put Modified Butterfly,-574.59,-450.0,3000.0000000000114,450.0,3414.999999999577,2550.0000000000114,43.29,56.71,0.17647058823529332,1.339215686274338,Put,53.5,20.0,Put,56.5,-30.0,Put,59.5,10.0,440.00000000000006,4.440892098500626e-14,9.999999999999998,-19.99999999999999,19.999999999999996
EBAY,EBAY INC COM,Bullish Put Modified Butterfly,-399.6,-820.0,3500.0000000000114,820.0,4284.999999999577,2680.0000000000114,42.27,57.73,0.30597014925373006,1.5988805970147608,Put,53.5,20.0,Put,57.0,-30.0,Put,60.5,10.0,529.9999999999999,20.00000000000003,20.0,10.000000000000014,19.999999999999996
EBAY,EBAY INC COM,Bullish Put Modified Butterfly,-575.32,-440.0,2500.0000000000114,440.0,2904.999999999577,2060.0000000000114,41.26,58.74,0.21359223300970756,1.4101941747570685,Put,54.0,20.0,Put,56.5,-30.0,Put,59.0,10.0,329.9999999999999,10.000000000000043,9.999999999999998,-9.999999999999993,19.999999999999996
EBAY,EBAY INC COM,Bullish Put Modified Butterfly,-418.15,-810.0,3000.0000000000114,810.0,3774.999999999577,2190.0000000000114,40.26,59.74,0.36986301369862823,1.7237442922372408,Put,54.0,20.0,Put,57.0,-30.0,Put,60.0,10.0,419.9999999999998,20.00000000000003,20.0,10.000000000000014,19.999999999999996
