Underlying,Description,Name,Expected PnL,Cost of Strategy,Total Debit,Leg_profit,Max_Profit,Max_Loss,Prob of Profit,Prob of Loss,Leg_Profit_Factor,Profit_Factor,Strike_1_type,Strike_1,Strike_1_alloc,Strike_2_type,Strike_2,Strike_2_alloc,Strike_3_type,Strike_3,Strike_3_alloc,Strategy_Delta,Strategy_Gamma,Strategy_Theta,Strategy_Vega,Strategy_Rho
GILD,GILEAD SCIENCES INC COM,Bullish Put Modified Butterfly,-943.21,-1039.999999999999,5000.000000000011,1039.999999999999,3009.999999999515,3960.000000000012,46.44,53.56,0.2626262626262616,0.7601010101008853,Put,63.5,20.0,Put,67.0,-30.0,Put,69.0,10.0,629.9999999999998,-29.999999999999993,79.99999999999997,-29.999999999999993,19.999999999999996
GILD,GILEAD SCIENCES INC COM,Bullish Put Modified Butterfly,-1166.72,-899.9999999999991,4500.000000000011,899.9999999999991,2369.999999999515,3600.000000000012,43.02,56.98,0.24999999999999892,0.6583333333331964,Put,64.0,20.0,Put,67.0,-30.0,Put,68.5,10.0,550.0,2.220446049250313e-14,49.99999999999998,-9.999999999999998,19.999999999999996
