Underlying,Description,Name,Expected PnL,Cost of Strategy,Total Debit,Leg_profit,Max_Profit,Max_Loss,Prob of Profit,Prob of Loss,Leg_Profit_Factor,Profit_Factor,Strike_1_type,Strike_1,Strike_1_alloc,Strike_2_type,Strike_2,Strike_2_alloc,Strike_3_type,Strike_3,Strike_3_alloc,Strategy_Delta,Strategy_Gamma,Strategy_Theta,Strategy_Vega,Strategy_Rho
PEP,PEPSICO INC COM,Bearish Call Modified Butterfly,-445.57,-410.0,2000.0000000000227,410.0,2379.9999999961337,1590.0000000000227,46.2,53.8,0.2578616352201221,1.4968553459094966,Call,136.0,10.0,Call,138.0,-30.0,Call,140.0,20.0,-210.00000000000014,3.3306690738754696e-14,20.0,-19.999999999999986,-19.99999999999999
PEP,PEPSICO INC COM,Bearish Call Modified Butterfly,-746.0,-480.0,3000.0000000000227,480.0,3449.99999999619,2520.0000000000227,42.98,57.02,0.19047619047618874,1.3690476190460947,Call,134.0,10.0,Call,137.0,-30.0,Call,140.0,20.0,-410.0000000000001,1.1102230246251565e-14,9.999999999999995,10.000000000000025,-29.99999999999999
PEP,PEPSICO INC COM,Bearish Call Modified Butterfly,-341.68,-180.0,1000.0000000000227,180.0,1149.9999999961335,820.0000000000227,42.34,57.66,0.21951219512194514,1.4024390243854898,Call,137.0,10.0,Call,138.0,-30.0,Call,139.0,20.0,-80.00000000000026,10.000000000000032,10.000000000000009,0.0,1.1102230246251565e-14
