Underlying,Name,Expected PnL,Cost of Strategy,Max_Profit,Max_Loss,Prob of Profit,Prob of Loss,Exp_Pnl/Max_Loss,Profit_Factor,Strategy_Delta,Strategy_Gamma,Strategy_Theta,Strategy_Vega,Strategy_Rho,Strike_1_type,Strike_1,Strike_1_alloc,Strike_2_type,Strike_2,Strike_2_alloc
NUGT,Bull Call Spread,4.11,540.0,110.0,540.0,78.52,19.01,0.007611111111111112,0.2037037037037037,13.0,-1.0,4.999999999999999,-1.9999999999999998,0.0,Call,80.0,1.0,Call,86.5,-1.0
NUGT,Bull Call Spread,-2.3,245.0,105.0,245.0,65.9,31.63,-0.009387755102040816,0.42857142857142855,9.000000000000007,-0.9999999999999999,1.0000000000000009,0.0,0.0,Call,89.0,1.0,Call,92.5,-1.0
NUGT,Bull Call Spread,-9.63,180.0,70.0,180.0,65.07,32.47,-0.053500000000000006,0.3888888888888889,7.000000000000006,-0.9999999999999999,1.0000000000000009,0.0,0.0,Call,90.0,1.0,Call,92.5,-1.0
