Underlying,Name,Expected PnL,Cost of Strategy,Max_Profit,Max_Loss,Prob of Profit,Prob of Loss,Exp_Pnl/Max_Loss,Profit_Factor,Strategy_Delta,Strategy_Gamma,Strategy_Theta,Strategy_Vega,Strategy_Rho,Strike_1_type,Strike_1,Strike_1_alloc,Strike_2_type,Strike_2,Strike_2_alloc
XLF,Bull Call Spread,-5.41,43.0,7.0,43.0,70.95,29.05,-0.1258139534883721,0.16279069767441862,13.0,-7.000000000000001,0.0,0.0,1.0,Call,23.5,1.0,Call,24.0,-1.0
XLF,Bull Call Spread,-1.96,69.0,31.0,69.0,60.71,39.29,-0.028405797101449276,0.4492753623188406,28.999999999999996,-8.000000000000002,0.0,0.0,1.0,Call,23.5,1.0,Call,24.5,-1.0
XLF,Bull Call Spread,-2.55,32.0,18.0,32.0,56.96,43.04,-0.0796875,0.5625,15.999999999999998,-1.0000000000000009,0.0,0.0,0.0,Call,24.0,1.0,Call,24.5,-1.0
XLF,Bull Call Spread,-8.19,138.0,62.0,138.0,53.1,46.9,-0.05934782608695652,0.4492753623188406,53.99999999999999,-10.999999999999998,0.0,-1.0,1.0,Call,23.0,1.0,Call,25.0,-1.0
XLF,Bull Call Spread,-0.08,87.0,63.0,87.0,53.1,46.9,-0.0009195402298850574,0.7241379310344828,44.99999999999999,-4.999999999999999,-1.0,0.0,1.0,Call,23.5,1.0,Call,25.0,-1.0
XLF,Bull Call Spread,1.4,97.0,103.0,97.0,49.19,50.81,0.014432989690721649,1.0618556701030928,56.99999999999999,3.0,-1.0,1.0,1.0,Call,23.5,1.0,Call,25.5,-1.0
XLF,Bull Call Spread,-0.67,50.0,50.0,50.0,49.19,50.81,-0.0134,1.0,31.999999999999996,2.0000000000000018,-1.0,0.0,0.0,Call,24.0,1.0,Call,25.0,-1.0
XLF,Bull Call Spread,0.81,60.0,90.0,60.0,45.26,54.74,0.013500000000000002,1.5,43.99999999999999,10.0,-1.0,1.0,0.0,Call,24.0,1.0,Call,25.5,-1.0
XLF,Bull Call Spread,-3.12,23.0,27.0,23.0,41.38,58.62,-0.1356521739130435,1.173913043478261,15.999999999999998,3.0000000000000027,-1.0,0.0,0.0,Call,24.5,1.0,Call,25.0,-1.0
