Underlying,Name,Expected PnL,Cost of Strategy,Max_Profit,Max_Loss,Prob of Profit,Prob of Loss,Exp_Pnl/Max_Loss,Profit_Factor,Strategy_Delta,Strategy_Gamma,Strategy_Theta,Strategy_Vega,Strategy_Rho,Strike_1_type,Strike_1,Strike_1_alloc,Strike_2_type,Strike_2,Strike_2_alloc
IBM,Bull Call Spread,-7.73,213.0,187.0,213.0,50.55,49.45,-0.03629107981220658,0.8779342723004695,29.999999999999993,0.0,-1.0000000000000009,0.9999999999999996,1.0,Call,122.0,1.0,Call,126.0,-1.0
IBM,Bull Call Spread,-2.75,144.0,156.0,144.0,47.83,52.17,-0.019097222222222224,1.0833333333333333,21.999999999999996,0.9999999999999996,-1.0000000000000009,2.0000000000000004,1.0,Call,123.0,1.0,Call,126.0,-1.0
IBM,Bull Call Spread,-8.5,179.0,221.0,179.0,44.16,55.84,-0.04748603351955307,1.23463687150838,29.000000000000004,2.0000000000000004,-2.0000000000000004,3.0,1.0,Call,123.0,1.0,Call,127.0,-1.0
IBM,Bull Call Spread,-6.8,92.0,108.0,92.0,43.24,56.76,-0.07391304347826087,1.173913043478261,14.999999999999996,0.9999999999999996,-1.0000000000000009,0.9999999999999996,1.0,Call,124.0,1.0,Call,126.0,-1.0
