Underlying,Name,Expected PnL,Cost of Strategy,Max_Profit,Max_Loss,Prob of Profit,Prob of Loss,Exp_Pnl/Max_Loss,Profit_Factor,Strategy_Delta,Strategy_Gamma,Strategy_Theta,Strategy_Vega,Strategy_Rho,Strike_1_type,Strike_1,Strike_1_alloc,Strike_2_type,Strike_2,Strike_2_alloc
PM,Bull Call Spread,-7.6,91.0,59.0,91.0,53.88,46.12,-0.08351648351648351,0.6483516483516484,19.000000000000007,0.0,0.0,0.0,0.0,Call,77.5,1.0,Call,79.0,-1.0
PM,Bull Call Spread,-6.37,110.0,90.0,110.0,50.85,49.15,-0.05790909090909091,0.8181818181818182,26.000000000000007,0.0,-1.0000000000000002,0.9999999999999996,0.0,Call,77.5,1.0,Call,79.5,-1.0
PM,Bull Call Spread,-9.0,61.0,39.0,61.0,50.85,49.15,-0.14754098360655737,0.639344262295082,13.0,1.0000000000000009,0.0,0.0,0.0,Call,78.0,1.0,Call,79.0,-1.0
PM,Bull Call Spread,-7.76,80.0,70.0,80.0,47.78,52.22,-0.097,0.875,20.0,1.0000000000000009,-1.0000000000000002,0.9999999999999996,0.0,Call,78.0,1.0,Call,79.5,-1.0
PM,Bull Call Spread,-5.34,94.0,106.0,94.0,44.66,55.34,-0.05680851063829787,1.127659574468085,26.0,2.0000000000000004,-1.0000000000000002,0.9999999999999996,0.0,Call,78.0,1.0,Call,80.0,-1.0
