Underlying,Description,Name,Expected PnL,Cost of Strategy,Leg_profit,Max_Profit,Max_Loss,Prob of Profit,Prob of Loss,Exp_Pnl/Max_Loss,Profit_Factor,Leg_Profit_Factor,Strike_1_type,Strike_1,Strike_1_alloc,Strike_2_type,Strike_2,Strike_2_alloc,Strike_3_type,Strike_3,Strike_3_alloc,Strategy_Delta,Strategy_Gamma,Strategy_Theta,Strategy_Vega,Strategy_Rho
GLW,CORNING INC COM,Bearish Call Modified Butterfly,-280.81,-339.99999999999994,339.99999999999994,1279.999999999557,1660.0000000000057,51.42,48.58,-0.16916265060240906,0.7710843373491282,0.204819277108433,Call,31.0,10.0,Call,32.0,-30.0,Call,33.5,20.0,-650.0,-20.000000000000018,69.99999999999999,-30.0,0.0
GLW,CORNING INC COM,Bearish Call Modified Butterfly,-239.29,-800.0000000000002,800.0000000000002,1239.9999999995575,1700.0000000000052,51.42,48.58,-0.14075882352941133,0.7294117647056199,0.4705882352941163,Call,31.5,10.0,Call,32.0,-30.0,Call,33.5,20.0,-730.0000000000001,79.99999999999999,60.0,-30.0,0.0
