Underlying,Description,Name,Expected PnL,Cost of Strategy,Leg_profit,Max_Profit,Max_Loss,Prob of Profit,Prob of Loss,Exp_Pnl/Max_Loss,Profit_Factor,Leg_Profit_Factor,Strike_1_type,Strike_1,Strike_1_alloc,Strike_2_type,Strike_2,Strike_2_alloc,Strike_3_type,Strike_3,Strike_3_alloc,Strategy_Delta,Strategy_Gamma,Strategy_Theta,Strategy_Vega,Strategy_Rho
MO,ALTRIA GROUP INC COM,Bearish Call Modified Butterfly,-184.53,-740.0,740.0,1205.000000000302,1760.0000000000055,55.28,44.72,-0.10484659090909058,0.6846590909092604,0.42045454545454414,Call,43.0,10.0,Call,43.5,-30.0,Call,45.0,20.0,-660.0,-99.99999999999991,29.999999999999993,5.551115123125783e-15,0.0
MO,ALTRIA GROUP INC COM,Bearish Call Modified Butterfly,-278.81,-1250.0000000000005,1250.0000000000005,1715.0000000003024,2250.000000000005,50.34,49.66,-0.12391555555555528,0.7622222222223549,0.5555555555555545,Call,42.5,10.0,Call,43.0,-30.0,Call,45.0,20.0,-849.9999999999998,-79.99999999999999,19.999999999999996,-9.999999999999998,0.0
MO,ALTRIA GROUP INC COM,Bearish Call Modified Butterfly,-263.33,-359.9999999999999,359.9999999999999,825.0000000003017,1140.000000000006,50.34,49.66,-0.23099122807017422,0.7236842105265767,0.3157894736842088,Call,43.0,10.0,Call,43.5,-30.0,Call,44.5,20.0,-419.99999999999994,-19.99999999999993,9.999999999999986,5.551115123125783e-15,0.0
