Underlying,Description,Name,Expected PnL,Cost of Strategy,Total Debit,Leg_profit,Max_Profit,Max_Loss,Prob of Profit,Prob of Loss,Leg_Profit_Factor,Profit_Factor,Strike_1_type,Strike_1,Strike_1_alloc,Strike_2_type,Strike_2,Strike_2_alloc,Strike_3_type,Strike_3,Strike_3_alloc,Strategy_Delta,Strategy_Gamma,Strategy_Theta,Strategy_Vega,Strategy_Rho
JNJ,JOHNSON & JOHNSON COM,Bearish Call Modified Butterfly,-628.0,-2130.0,8000.0000000000055,2130.0,4110.000000004167,5870.0000000000055,53.85,46.15,0.36286201022146475,0.700170357751987,Call,148.0,10.0,Call,150.0,-20.0,Call,160.0,10.0,-489.99999999999966,-19.999999999999996,40.000000000000014,-49.999999999999986,-30.000000000000004
JNJ,JOHNSON & JOHNSON COM,Bearish Call Modified Butterfly,-886.47,-1910.0,6500.0000000000055,1910.0,3890.000000004111,4590.0000000000055,46.58,53.42,0.41612200435729796,0.8474945533778009,Call,147.0,10.0,Call,149.0,-20.0,Call,157.5,10.0,-460.0000000000001,0.0,0.0,2.220446049250313e-14,-30.000000000000004
JNJ,JOHNSON & JOHNSON COM,Bearish Call Modified Butterfly,-426.59,-1629.9999999999998,4000.0000000000055,1629.9999999999998,2610.0000000041673,2370.0000000000055,45.46,54.54,0.6877637130801671,1.101265822786566,Call,149.0,10.0,Call,150.0,-20.0,Call,155.0,10.0,-269.99999999999983,20.000000000000007,10.000000000000009,9.999999999999986,-20.0
