Underlying,Description,Name,Expected PnL,Cost of Strategy,Total Debit,Leg_profit,Max_Profit,Max_Loss,Prob of Profit,Prob of Loss,Leg_Profit_Factor,Profit_Factor,Strike_1_type,Strike_1,Strike_1_alloc,Strike_2_type,Strike_2,Strike_2_alloc,Strike_3_type,Strike_3,Strike_3_alloc,Strategy_Delta,Strategy_Gamma,Strategy_Theta,Strategy_Vega,Strategy_Rho
MSFT,MICROSOFT CORP COM,Bearish Call Modified Butterfly,-723.98,-800.0,5000.000000000011,800.0,5754.999999993732,4200.000000000011,55.59,44.41,0.19047619047619,1.3702380952365993,Call,220.0,10.0,Call,225.0,-20.0,Call,235.0,10.0,-120.00000000000001,0.0,19.99999999999997,-10.000000000000009,-20.0
MSFT,MICROSOFT CORP COM,Bearish Call Modified Butterfly,-535.82,-550.0,2500.0000000000114,550.0,3004.9999999937313,1950.0000000000114,49.73,50.27,0.2820512820512804,1.5410256410224172,Call,222.5,10.0,Call,225.0,-20.0,Call,230.0,10.0,-70.00000000000001,0.0,-4.440892098500626e-14,9.999999999999964,-9.999999999999998
MSFT,MICROSOFT CORP COM,Bearish Call Modified Butterfly,-822.78,-1250.0,5000.000000000011,1250.0,6204.9999999940155,3750.000000000011,45.91,54.09,0.33333333333333237,1.654666666665066,Call,215.0,10.0,Call,220.0,-20.0,Call,230.0,10.0,-120.00000000000001,0.0,20.000000000000018,-20.000000000000018,-9.999999999999998
MSFT,MICROSOFT CORP COM,Bearish Call Modified Butterfly,-620.63,-600.0,2500.0000000000114,600.0,3054.999999993845,1900.0000000000114,44.64,55.36,0.3157894736842086,1.607894736838856,Call,220.0,10.0,Call,222.5,-20.0,Call,227.5,10.0,-59.999999999999964,0.0,-9.999999999999964,-4.440892098500626e-14,-9.999999999999998
MSFT,MICROSOFT CORP COM,Bearish Call Modified Butterfly,-1064.67,-1300.0,5000.000000000011,1300.0,6254.999999994129,3700.000000000011,40.85,59.15,0.3513513513513503,1.6905405405389489,Call,212.5,10.0,Call,217.5,-20.0,Call,227.5,10.0,-90.00000000000003,-10.000000000000004,30.00000000000003,-10.000000000000009,-9.999999999999998
