Underlying,Description,Name,Expected PnL,Cost of Strategy,Total Debit,Leg_profit,Max_Profit,Max_Loss,Prob of Profit,Prob of Loss,Leg_Profit_Factor,Profit_Factor,Strike_1_type,Strike_1,Strike_1_alloc,Strike_2_type,Strike_2,Strike_2_alloc,Strike_3_type,Strike_3,Strike_3_alloc,Strategy_Delta,Strategy_Gamma,Strategy_Theta,Strategy_Vega,Strategy_Rho
UNH,UNITEDHEALTH GROUP INC COM,Bearish Call Modified Butterfly,-1235.88,-1420.0,10000.000000000011,1420.0,11404.999999991715,8580.000000000011,50.55,49.45,0.16550116550116528,1.3292540792531118,Call,292.5,10.0,Call,302.5,-20.0,Call,322.5,10.0,-349.99999999999983,-10.0,59.999999999999986,-39.99999999999997,-40.0
UNH,UNITEDHEALTH GROUP INC COM,Bearish Call Modified Butterfly,-1173.93,-750.0,5000.000000000011,750.0,5734.999999991487,4250.000000000011,49.25,50.75,0.17647058823529366,1.349411764703876,Call,302.5,10.0,Call,307.5,-20.0,Call,317.5,10.0,-140.0000000000001,9.999999999999998,60.00000000000006,-30.00000000000007,-20.000000000000007
UNH,UNITEDHEALTH GROUP INC COM,Bearish Call Modified Butterfly,-1503.8,-1300.0,7500.000000000023,1300.0,8784.999999991715,6200.000000000023,45.72,54.28,0.20967741935483794,1.4169354838696262,Call,295.0,10.0,Call,302.5,-20.0,Call,317.5,10.0,-250.0,0.0,19.99999999999997,0.0,-19.999999999999996
UNH,UNITEDHEALTH GROUP INC COM,Bearish Call Modified Butterfly,-955.5,-2250.0,7500.000000000023,2250.0,9734.999999991885,5250.000000000023,42.76,57.24,0.4285714285714267,1.8542857142841607,Call,292.5,10.0,Call,300.0,-20.0,Call,315.0,10.0,-190.00000000000003,10.000000000000004,29.999999999999982,20.000000000000018,-19.999999999999996
