Underlying,Description,Name,Expected PnL,Cost of Strategy,Total Debit,Leg_profit,Max_Profit,Max_Loss,Prob of Profit,Prob of Loss,Leg_Profit_Factor,Profit_Factor,Strike_1_type,Strike_1,Strike_1_alloc,Strike_2_type,Strike_2,Strike_2_alloc,Strike_3_type,Strike_3,Strike_3_alloc,Strategy_Delta,Strategy_Gamma,Strategy_Theta,Strategy_Vega,Strategy_Rho
MS,MORGAN STANLEY COM,Bearish Call Modified Butterfly,-224.62,-200.0,1500.0000000000114,200.0,1645.0000000003627,1300.0000000000114,50.97,49.03,0.1538461538461525,1.2653846153848833,Call,50.5,10.0,Call,52.0,-30.0,Call,53.5,20.0,-390.00000000000006,-170.00000000000003,19.999999999999996,0.0,-30.0
MS,MORGAN STANLEY COM,Bearish Call Modified Butterfly,-228.88,-169.99999999999977,1000.0000000000114,169.99999999999977,1115.0000000003624,830.0000000000116,45.98,54.02,0.2048192771084306,1.3433734939763216,Call,51.0,10.0,Call,52.0,-30.0,Call,53.0,20.0,-229.9999999999999,-79.99999999999999,19.999999999999996,9.999999999999998,-9.999999999999998
MS,MORGAN STANLEY COM,Bearish Call Modified Butterfly,-178.91,-80.0,500.00000000001137,80.0,525.0000000003627,420.00000000001137,41.02,58.98,0.19047619047618533,1.2500000000008296,Call,51.5,10.0,Call,52.0,-30.0,Call,52.5,20.0,-100.0,0.0,0.0,20.0,2.7755575615628914e-15
