Underlying,Description,Name,Expected PnL,Cost of Strategy,Total Debit,Leg_profit,Max_Profit,Max_Loss,Prob of Profit,Prob of Loss,Leg_Profit_Factor,Profit_Factor,Strike_1_type,Strike_1,Strike_1_alloc,Strike_2_type,Strike_2,Strike_2_alloc,Strike_3_type,Strike_3,Strike_3_alloc,Strategy_Delta,Strategy_Gamma,Strategy_Theta,Strategy_Vega,Strategy_Rho
UAL,UNITED AIRLINES HOLDINGS COM,Bullish Put Modified Butterfly,-55.28,-180.0,1000.0000000000057,180.0,1120.0000000004952,820.0000000000057,67.28,32.72,0.2195121951219497,1.3658536585371799,Put,35.0,20.0,Put,36.0,-30.0,Put,37.0,10.0,100.00000000000009,-10.000000000000009,29.999999999999982,5.551115123125783e-15,0.0
UAL,UNITED AIRLINES HOLDINGS COM,Bullish Put Modified Butterfly,-153.75,-179.99999999999977,1000.0000000000057,179.99999999999977,1120.0000000005234,820.0000000000059,57.29,42.71,0.21951219512194936,1.3658536585372139,Put,36.0,20.0,Put,37.0,-30.0,Put,38.0,10.0,89.99999999999986,-29.999999999999982,19.99999999999997,5.551115123125783e-15,0.0
UAL,UNITED AIRLINES HOLDINGS COM,Bullish Put Modified Butterfly,-110.47,-479.9999999999998,2000.0000000000057,479.9999999999998,2420.000000000552,1520.000000000006,54.22,45.78,0.3157894736842091,1.5921052631582517,Put,36.0,20.0,Put,38.0,-30.0,Put,40.0,10.0,250.0,-20.000000000000018,29.999999999999982,5.551115123125783e-15,-10.0
UAL,UNITED AIRLINES HOLDINGS COM,Bullish Put Modified Butterfly,-50.2,-390.0,1000.0000000000057,390.0,1330.000000000552,610.0000000000057,48.1,51.9,0.639344262295076,2.1803278688533436,Put,37.0,20.0,Put,38.0,-30.0,Put,39.0,10.0,129.9999999999999,10.000000000000009,-4.440892098500626e-14,5.551115123125783e-15,0.0
