Underlying,Description,Name,Expected PnL,Cost of Strategy,Total Debit,Leg_profit,Max_Profit,Max_Loss,Prob of Profit,Prob of Loss,Leg_Profit_Factor,Profit_Factor,Strike_1_type,Strike_1,Strike_1_alloc,Strike_2_type,Strike_2,Strike_2_alloc,Strike_3_type,Strike_3,Strike_3_alloc,Strategy_Delta,Strategy_Gamma,Strategy_Theta,Strategy_Vega,Strategy_Rho
BAC,BANK OF AMERICA CORPORATION COM,Bullish Put Modified Butterfly,-117.04,-259.99999999999955,1000.0000000000028,259.99999999999955,1210.0000000000487,740.0000000000033,46.52,53.48,0.35135135135134915,1.6351351351351937,Put,26.0,20.0,Put,27.0,-30.0,Put,28.0,10.0,269.99999999999994,-9.999999999999964,-1.1102230246251565e-14,5.551115123125783e-15,20.0
BAC,BANK OF AMERICA CORPORATION COM,Bullish Put Modified Butterfly,-116.32,-139.99999999999977,500.0000000000057,139.99999999999977,590.0000000000488,360.0000000000059,40.73,59.27,0.38888888888888185,1.6388888888889974,Put,26.5,20.0,Put,27.0,-30.0,Put,27.5,10.0,119.99999999999974,20.000000000000018,-5.551115123125783e-15,5.551115123125783e-15,-2.7755575615628914e-15
