Underlying,Description,Name,Expected PnL,Cost of Strategy,Total Debit,Leg_profit,Max_Profit,Max_Loss,Prob of Profit,Prob of Loss,Leg_Profit_Factor,Profit_Factor,Strike_1_type,Strike_1,Strike_1_alloc,Strike_2_type,Strike_2,Strike_2_alloc,Strike_3_type,Strike_3,Strike_3_alloc,Strategy_Delta,Strategy_Gamma,Strategy_Theta,Strategy_Vega,Strategy_Rho
C,CITIGROUP INC COM,Bullish Put Modified Butterfly,-327.38,-250.0,1500.0000000000057,250.0,1709.999999999617,1250.0000000000057,50.03,49.97,0.1999999999999991,1.3679999999996875,Put,51.5,20.0,Put,53.0,-30.0,Put,54.5,10.0,179.9999999999999,-9.999999999999964,9.999999999999998,-9.999999999999993,-10.000000000000004
C,CITIGROUP INC COM,Bullish Put Modified Butterfly,-159.93,-290.0,1000.0000000000057,290.0,1249.999999999617,710.0000000000057,47.34,52.66,0.40845070422534885,1.7605633802811367,Put,52.0,20.0,Put,53.0,-30.0,Put,54.0,10.0,139.9999999999997,-9.999999999999964,0.0,1.1102230246251565e-14,-2.7755575615628914e-15
C,CITIGROUP INC COM,Bullish Put Modified Butterfly,-350.79,-300.0000000000009,1500.0000000000114,300.0000000000009,1759.999999999611,1200.0000000000105,45.56,54.44,0.24999999999999858,1.4666666666663297,Put,52.0,20.0,Put,53.5,-30.0,Put,55.0,10.0,189.9999999999997,-19.99999999999997,10.000000000000009,-9.999999999999986,-10.000000000000004
C,CITIGROUP INC COM,Bullish Put Modified Butterfly,-234.75,-610.0,2000.0000000000057,610.0,2569.999999999603,1390.0000000000057,44.67,55.33,0.43884892086330757,1.8489208633090592,Put,52.0,20.0,Put,54.0,-30.0,Put,56.0,10.0,270.0000000000001,-9.999999999999975,20.0,-19.99999999999999,-10.000000000000004
C,CITIGROUP INC COM,Bullish Put Modified Butterfly,-394.33,-330.00000000000045,1500.0000000000114,330.00000000000045,1789.9999999996035,1170.000000000011,41.18,58.82,0.28205128205127983,1.5299145299141768,Put,52.5,20.0,Put,54.0,-30.0,Put,55.5,10.0,190.00000000000003,2.220446049250313e-14,9.999999999999998,-9.999999999999993,-10.000000000000004
