Underlying,Description,Name,Expected PnL,Cost of Strategy,Total Debit,Leg_profit,Max_Profit,Max_Loss,Prob of Profit,Prob of Loss,Leg_Profit_Factor,Profit_Factor,Strike_1_type,Strike_1,Strike_1_alloc,Strike_2_type,Strike_2,Strike_2_alloc,Strike_3_type,Strike_3,Strike_3_alloc,Strategy_Delta,Strategy_Gamma,Strategy_Theta,Strategy_Vega,Strategy_Rho
DVN,DEVON ENERGY CORP COM,Bearish Call Modified Butterfly,-174.94,-200.0,1260.000000000001,200.0,920.0000000000362,1060.000000000001,55.32,44.6,0.18867924528301872,0.8679245283019201,Call,10.0,10.0,Call,10.74,-30.0,Call,11.74,20.0,-419.99999999999994,-100.0,30.0,2.7755575615628914e-15,0.0
DVN,DEVON ENERGY CORP COM,Bearish Call Modified Butterfly,-182.94,-579.9999999999999,1500.0000000000014,579.9999999999999,1060.000000000036,920.0000000000015,44.16,55.76,0.6304347826086946,1.1521739130435154,Call,9.74,10.0,Call,10.24,-30.0,Call,11.24,20.0,-500.00000000000034,70.00000000000011,-20.000000000000004,-9.999999999999998,0.0
