Underlying,Description,Name,Expected PnL,Cost of Strategy,Total Debit,Leg_profit,Max_Profit,Max_Loss,Prob of Profit,Prob of Loss,Leg_Profit_Factor,Profit_Factor,Strike_1_type,Strike_1,Strike_1_alloc,Strike_2_type,Strike_2,Strike_2_alloc,Strike_3_type,Strike_3,Strike_3_alloc,Strategy_Delta,Strategy_Gamma,Strategy_Theta,Strategy_Vega,Strategy_Rho
TZA,DIREXION SHARES ETF TRUST DAILY SM CP BEAR ETF,Bullish Put Modified Butterfly,-206.77,-200.0,1500.0000000000027,200.0,1690.0000000000305,1300.0000000000027,51.15,48.54,0.15384615384615352,1.3000000000000207,Put,14.5,20.0,Put,16.0,-30.0,Put,17.5,10.0,389.99999999999966,-70.00000000000004,29.99999999999999,2.7755575615628914e-15,0.0
TZA,DIREXION SHARES ETF TRUST DAILY SM CP BEAR ETF,Bullish Put Modified Butterfly,-189.67,-350.0,2000.0000000000027,350.0,2340.0000000000305,1650.0000000000027,47.71,51.99,0.21212121212121177,1.4181818181818342,Put,14.5,20.0,Put,16.5,-30.0,Put,18.5,10.0,590.0,-60.000000000000064,29.99999999999999,2.7755575615628914e-15,0.0
TZA,DIREXION SHARES ETF TRUST DAILY SM CP BEAR ETF,Bullish Put Modified Butterfly,-238.66,-150.0,1000.0000000000028,150.0,1140.0000000000305,850.0000000000028,46.0,53.69,0.17647058823529352,1.3411764705882667,Put,15.0,20.0,Put,16.0,-30.0,Put,17.0,10.0,229.99999999999972,-20.000000000000018,-1.1102230246251565e-14,2.7755575615628914e-15,0.0
