Underlying,Description,Name,Expected PnL,Cost of Strategy,Total Debit,Leg_profit,Max_Profit,Max_Loss,Prob of Profit,Prob of Loss,Leg_Profit_Factor,Profit_Factor,Strike_1_type,Strike_1,Strike_1_alloc,Strike_2_type,Strike_2,Strike_2_alloc,Strategy_Delta,Strategy_Gamma,Strategy_Theta,Strategy_Vega,Strategy_Rho
UAL,UNITED AIRLINES HOLDINGS COM,Bullish Put Modified Butterfly,-556.43,-4070.0,24330.0,4070.0,4070.0,20260.0,58.25,41.33,0.20088845014807502,0.20088845014807502,Put,34.0,20.0,Put,37.0,-30.0,889.9999999999999,-90.00000000000001,120.0,-49.999999999999986,30.0
UAL,UNITED AIRLINES HOLDINGS COM,Bullish Put Modified Butterfly,-559.58,-3390.0,22330.0,3390.0,3390.0,18940.0,56.87,42.71,0.17898627243928195,0.17898627243928195,Put,35.0,20.0,Put,37.0,-30.0,750.0,-70.0,99.99999999999997,-29.999999999999993,30.0
UAL,UNITED AIRLINES HOLDINGS COM,Bullish Put Modified Butterfly,-439.61,-4330.0,23330.0,4330.0,4330.0,19000.0,52.03,47.55,0.22789473684210526,0.22789473684210526,Put,36.0,20.0,Put,38.0,-30.0,820.0000000000001,-70.0,99.99999999999997,-29.999999999999993,9.999999999999998
UAL,UNITED AIRLINES HOLDINGS COM,Bullish Put Modified Butterfly,-745.18,-7950.0,43660.0,7950.0,8890.000000000637,35710.0,52.03,47.55,0.2226267152058247,0.24894987398489601,Put,41.0,-30.0,Put,42.0,10.0,1320.0,-129.99999999999997,169.99999999999997,-70.0,20.0
UAL,UNITED AIRLINES HOLDINGS COM,Bullish Put Modified Butterfly,-686.43,-3130.0,21330.0,3130.0,3130.0,18200.0,49.97,49.61,0.17197802197802198,0.17197802197802198,Put,37.0,20.0,Put,38.0,-30.0,660.0000000000001,-70.0,79.99999999999999,-29.999999999999993,9.999999999999998
