Underlying,Description,Name,Expected PnL,Cost of Strategy,Leg_profit,Max_Profit,Max_Loss,Prob of Profit,Prob of Loss,Exp_Pnl/Max_Loss,Profit_Factor,Leg_Profit_Factor,Strike_1_type,Strike_1,Strike_1_alloc,Strike_2_type,Strike_2,Strike_2_alloc,Strike_3_type,Strike_3,Strike_3_alloc,Strategy_Delta,Strategy_Gamma,Strategy_Theta,Strategy_Vega,Strategy_Rho
ANTM,ANTHEM INC COM,Bearish Call Modified Butterfly,-845.48,-5700.0,5700.0,8139.99999999221,11800.000000000044,56.95,43.05,-0.07165084745762686,0.6898305084739136,0.48305084745762533,Call,272.5,10.0,Call,275.0,-30.0,Call,285.0,20.0,-589.9999999999999,1.1102230246251565e-14,219.99999999999994,-69.99999999999997,-39.999999999999986
ANTM,ANTHEM INC COM,Bearish Call Modified Butterfly,-2116.75,-2700.0,2700.0,7639.99999999221,12300.000000000045,56.28,43.72,-0.1720934959349587,0.6211382113814782,0.21951219512195042,Call,270.0,10.0,Call,275.0,-30.0,Call,285.0,20.0,-499.99999999999983,1.1102230246251565e-14,299.99999999999983,-80.00000000000003,-39.999999999999986
ANTM,ANTHEM INC COM,Bearish Call Modified Butterfly,-1825.41,-3600.0,3600.0,11039.99999999238,13900.000000000044,53.58,46.42,-0.13132446043165427,0.7942446043159961,0.25899280575539485,Call,265.0,10.0,Call,272.5,-30.0,Call,285.0,20.0,-610.0,-9.999999999999998,369.99999999999994,-90.00000000000003,-39.999999999999986
ANTM,ANTHEM INC COM,Bearish Call Modified Butterfly,-1891.78,-5600.0,5600.0,10539.99999999238,14400.000000000044,52.56,47.44,-0.1313736111111107,0.731944444443913,0.38888888888888773,Call,267.5,10.0,Call,272.5,-30.0,Call,285.0,20.0,-660.0,-9.999999999999998,319.99999999999994,-70.00000000000001,-39.999999999999986
ANTM,ANTHEM INC COM,Bearish Call Modified Butterfly,-1601.87,-7800.0,7800.0,10239.99999999238,14700.000000000044,52.22,47.78,-0.1089707482993194,0.6965986394552619,0.5306122448979577,Call,270.0,10.0,Call,272.5,-30.0,Call,285.0,20.0,-710.0,1.1102230246251565e-14,299.99999999999983,-50.00000000000004,-39.999999999999986
