Underlying,Description,Name,Expected PnL,Cost of Strategy,Leg_profit,Max_Profit,Max_Loss,Prob of Profit,Prob of Loss,Exp_Pnl/Max_Loss,Profit_Factor,Leg_Profit_Factor,Strike_1_type,Strike_1,Strike_1_alloc,Strike_2_type,Strike_2,Strike_2_alloc,Strike_3_type,Strike_3,Strike_3_alloc,Strategy_Delta,Strategy_Gamma,Strategy_Theta,Strategy_Vega,Strategy_Rho
DE,DEERE & CO COM,Bearish Call Modified Butterfly,-1970.16,-2029.9999999999995,2029.9999999999995,6979.99999999419,12970.000000000045,56.0,44.0,-0.1519013107170388,0.5381649961445001,0.15651503469545044,Call,202.5,10.0,Call,207.5,-30.0,Call,217.5,20.0,-620.0000000000001,-29.999999999999993,359.99999999999994,-129.99999999999997,-19.999999999999996
DE,DEERE & CO COM,Bearish Call Modified Butterfly,-1342.31,-1550.0,1550.0,6499.99999999419,8450.000000000045,55.06,44.94,-0.15885325443786896,0.7692307692300775,0.18343195266272092,Call,202.5,10.0,Call,207.5,-30.0,Call,215.0,20.0,-440.0000000000001,-9.999999999999986,279.9999999999999,-89.99999999999999,-19.999999999999996
DE,DEERE & CO COM,Bearish Call Modified Butterfly,-2035.65,-3879.9999999999995,3879.9999999999995,6329.99999999419,13620.000000000044,54.59,45.41,-0.149460352422907,0.4647577092506733,0.2848751835535967,Call,205.0,10.0,Call,207.5,-30.0,Call,217.5,20.0,-750.0,-19.999999999999996,289.9999999999999,-99.99999999999997,-9.999999999999998
DE,DEERE & CO COM,Bearish Call Modified Butterfly,-1407.81,-3400.0,3400.0,5849.99999999419,9100.000000000045,53.64,46.36,-0.15470439560439483,0.6428571428565012,0.37362637362637174,Call,205.0,10.0,Call,207.5,-30.0,Call,215.0,20.0,-570.0,1.1102230246251565e-14,209.9999999999999,-60.00000000000001,-9.999999999999998
