Underlying,Description,Name,Expected PnL,Cost of Strategy,Leg_profit,Max_Profit,Max_Loss,Prob of Profit,Prob of Loss,Exp_Pnl/Max_Loss,Profit_Factor,Leg_Profit_Factor,Strike_1_type,Strike_1,Strike_1_alloc,Strike_2_type,Strike_2,Strike_2_alloc,Strike_3_type,Strike_3,Strike_3_alloc,Strategy_Delta,Strategy_Gamma,Strategy_Theta,Strategy_Vega,Strategy_Rho
HSY,HERSHEY COMPANY COM,Bearish Call Modified Butterfly,-1120.84,-800.0,800.0,1799.9999999957652,5200.000000000023,57.67,42.33,-0.2155461538461529,0.34615384615303024,0.15384615384615316,Call,148.0,10.0,Call,149.0,-30.0,Call,152.5,20.0,-560.0000000000002,-59.999999999999986,79.99999999999996,-39.99999999999999,10.000000000000004
HSY,HERSHEY COMPANY COM,Bearish Call Modified Butterfly,-1251.41,-1700.0,1700.0,2699.999999995822,6300.000000000023,51.97,48.03,-0.19863650793650722,0.4285714285707638,0.2698412698412689,Call,147.0,10.0,Call,148.0,-30.0,Call,152.5,20.0,-790.0000000000003,-80.0,79.99999999999996,-49.99999999999998,-19.999999999999996
HSY,HERSHEY COMPANY COM,Bearish Call Modified Butterfly,-913.15,-2450.0,2450.0,4449.999999995879,6550.000000000022,51.01,48.99,-0.13941221374045754,0.6793893129764679,0.3740458015267163,Call,145.0,10.0,Call,147.0,-30.0,Call,152.5,20.0,-839.9999999999999,-39.99999999999997,119.99999999999996,-40.000000000000014,-19.999999999999996
