Underlying,Description,Name,Expected PnL,Cost of Strategy,Leg_profit,Max_Profit,Max_Loss,Prob of Profit,Prob of Loss,Exp_Pnl/Max_Loss,Profit_Factor,Leg_Profit_Factor,Strike_1_type,Strike_1,Strike_1_alloc,Strike_2_type,Strike_2,Strike_2_alloc,Strike_3_type,Strike_3,Strike_3_alloc,Strategy_Delta,Strategy_Gamma,Strategy_Theta,Strategy_Vega,Strategy_Rho
LOW,LOWE'S COMPANIES INC COM,Bearish Call Modified Butterfly,-1190.46,-2150.0,2150.0,4604.999999995323,10350.000000000022,61.04,38.96,-0.11502028985507222,0.4449275362314313,0.20772946859903338,Call,162.5,10.0,Call,165.0,-30.0,Call,172.5,20.0,-620.0000000000002,-49.99999999999998,160.0,-69.99999999999997,-40.0
LOW,LOWE'S COMPANIES INC COM,Bearish Call Modified Butterfly,-1064.14,-1270.0,1270.0,3724.999999995323,6230.000000000023,58.81,41.19,-0.17080898876404432,0.5979133226316709,0.20385232744783233,Call,162.5,10.0,Call,165.0,-30.0,Call,170.0,20.0,-420.00000000000017,-29.999999999999982,79.99999999999999,-49.99999999999996,-19.999999999999996
LOW,LOWE'S COMPANIES INC COM,Bearish Call Modified Butterfly,-1572.11,-4400.0,4400.0,6854.999999995465,13100.000000000022,53.1,46.9,-0.12000839694656468,0.5232824427477446,0.3358778625954193,Call,160.0,10.0,Call,162.5,-30.0,Call,172.5,20.0,-930.0000000000001,-30.000000000000004,120.00000000000006,-49.99999999999998,-40.0
LOW,LOWE'S COMPANIES INC COM,Bearish Call Modified Butterfly,-1445.79,-3520.0,3520.0,5974.999999995465,8980.000000000022,50.78,49.22,-0.1610011135857457,0.6653674832957072,0.3919821826280614,Call,160.0,10.0,Call,162.5,-30.0,Call,170.0,20.0,-730.0000000000001,-10.000000000000009,40.000000000000036,-29.99999999999996,-19.999999999999996
