Underlying,Description,Name,Expected PnL,Cost of Strategy,Total Debit,Leg_profit,Max_Profit,Max_Loss,Prob of Profit,Prob of Loss,Leg_Profit_Factor,Profit_Factor,Strike_1_type,Strike_1,Strike_1_alloc,Strike_2_type,Strike_2,Strike_2_alloc,Strike_3_type,Strike_3,Strike_3_alloc,Strategy_Delta,Strategy_Gamma,Strategy_Theta,Strategy_Vega,Strategy_Rho
ADBE,ADOBE INC COM,Bearish Call Modified Butterfly,-4585.85,-6100.0,30000.00000000009,6100.0,36059.999999894535,23900.00000000009,45.4,54.6,0.2552301255230116,1.5087866108742425,Call,460.0,10.0,Call,490.0,-30.0,Call,520.0,20.0,-379.9999999999999,-9.999999999999998,-29.999999999999893,19.99999999999993,-60.00000000000006
ADBE,ADOBE INC COM,Bearish Call Modified Butterfly,-3944.65,-6300.0,25000.00000000009,6300.0,31259.999999894535,18700.00000000009,43.51,56.48,0.3368983957219235,1.6716577540050472,Call,465.0,10.0,Call,490.0,-30.0,Call,515.0,20.0,-299.99999999999983,-9.999999999999998,-69.99999999999974,29.999999999999982,-40.000000000000036
ADBE,ADOBE INC COM,Bearish Call Modified Butterfly,-3454.64,-13050.0,35000.00000000009,13050.0,38009.99999989681,21950.000000000087,42.26,57.74,0.5945330296127539,1.7316628701547454,Call,460.0,10.0,Call,485.0,-30.0,Call,515.0,20.0,-339.9999999999999,-9.999999999999998,-19.99999999999993,79.99999999999989,-70.00000000000001
