Underlying,Description,Name,Expected PnL,Cost of Strategy,Total Debit,Leg_profit,Max_Profit,Max_Loss,Prob of Profit,Prob of Loss,Leg_Profit_Factor,Profit_Factor,Strike_1_type,Strike_1,Strike_1_alloc,Strike_2_type,Strike_2,Strike_2_alloc,Strike_3_type,Strike_3,Strike_3_alloc,Strategy_Delta,Strategy_Gamma,Strategy_Theta,Strategy_Vega,Strategy_Rho
CAT,CATERPILLAR INC COM,Bearish Call Modified Butterfly,-717.95,-500.0,3000.0000000000455,500.0,3470.0000000078717,2500.0000000000455,47.17,52.83,0.19999999999999638,1.3880000000031234,Call,138.0,10.0,Call,141.0,-30.0,Call,144.0,20.0,-139.99999999999986,19.999999999999996,39.99999999999994,-19.99999999999997,-19.999999999999996
CAT,CATERPILLAR INC COM,Bearish Call Modified Butterfly,-863.88,-700.0,4000.0000000000455,700.0,4670.000000007758,3300.0000000000455,45.31,54.69,0.21212121212120919,1.4151515151538465,Call,136.0,10.0,Call,140.0,-30.0,Call,144.0,20.0,-230.00000000000006,10.000000000000009,19.99999999999997,0.0,-19.999999999999996
