Underlying,Description,Name,Expected PnL,Cost of Strategy,Total Debit,Leg_profit,Max_Profit,Max_Loss,Prob of Profit,Prob of Loss,Leg_Profit_Factor,Profit_Factor,Strike_1_type,Strike_1,Strike_1_alloc,Strike_2_type,Strike_2,Strike_2_alloc,Strike_3_type,Strike_3,Strike_3_alloc,Strategy_Delta,Strategy_Gamma,Strategy_Theta,Strategy_Vega,Strategy_Rho
NVDA,NVIDIA CORP COM,Bullish Put Modified Butterfly,-1427.46,-1000.0,7500.000000000091,1000.0,8444.99999994332,6500.000000000091,62.14,37.86,0.1538461538461517,1.299230769222031,Put,505.0,20.0,Put,512.5,-30.0,Put,520.0,10.0,59.999999999999964,5.551115123125783e-15,70.00000000000028,-50.00000000000018,10.000000000000009
NVDA,NVIDIA CORP COM,Bullish Put Modified Butterfly,-2156.99,-2250.0,15000.000000000045,2250.0,17194.9999999415,12750.000000000045,59.63,40.37,0.1764705882352935,1.3486274509757992,Put,505.0,20.0,Put,520.0,-30.0,Put,535.0,10.0,120.00000000000001,2.7755575615628914e-15,140.00000000000003,-70.00000000000011,9.999999999999964
NVDA,NVIDIA CORP COM,Bullish Put Modified Butterfly,-2431.3,-1500.0,10000.000000000091,1500.0,11444.999999940364,8500.000000000091,53.43,46.57,0.17647058823529224,1.3464705882282637,Put,515.0,20.0,Put,525.0,-30.0,Put,535.0,10.0,79.99999999999989,5.551115123125783e-15,79.99999999999972,-19.99999999999993,20.000000000000018
NVDA,NVIDIA CORP COM,Bullish Put Modified Butterfly,-2070.51,-1100.0,7500.000000000091,1100.0,8544.999999940364,6400.000000000091,52.23,47.77,0.17187499999999756,1.335156249990663,Put,517.5,20.0,Put,525.0,-30.0,Put,532.5,10.0,59.999999999999964,5.551115123125783e-15,59.99999999999943,-19.99999999999993,0.0
NVDA,NVIDIA CORP COM,Bullish Put Modified Butterfly,-2072.78,-1250.0,7500.0000000000455,1250.0,8694.99999993991,6250.0000000000455,50.32,49.68,0.19999999999999854,1.3911999999903755,Put,520.0,20.0,Put,527.5,-30.0,Put,535.0,10.0,59.999999999999964,2.7755575615628914e-15,39.99999999999986,-19.99999999999993,30.000000000000004
