Underlying,Name,Expected PnL,Cost of Strategy,Max_Profit,Max_Loss,Prob of Profit,Prob of Loss,Exp_Pnl/Max_Loss,Profit_Factor,Strategy_Delta,Strategy_Gamma,Strategy_Theta,Strategy_Vega,Strategy_Rho,Strike_1_type,Strike_1,Strike_1_alloc,Strike_2_type,Strike_2,Strike_2_alloc
EWZ,Bull Call Spread,0.18,99.0,101.0,99.0,49.9,50.1,0.0018181818181818182,1.02020202020202,32.0,0.0,0.0,0.0,1.0,Call,29.0,1.0,Call,31.0,-1.0
EWZ,Bull Call Spread,1.47,82.0,118.0,82.0,45.01,54.99,0.01792682926829268,1.4390243902439024,32.00000000000001,3.0,-0.9999999999999999,0.0,1.0,Call,29.5,1.0,Call,31.5,-1.0
EWZ,Bull Call Spread,0.67,56.0,94.0,56.0,40.25,59.75,0.011964285714285715,1.6785714285714286,24.000000000000004,4.000000000000001,-0.9999999999999999,0.0,0.0,Call,30.0,1.0,Call,31.5,-1.0
