Underlying,Description,Name,Expected PnL,Cost of Strategy,Total Debit,Leg_profit,Max_Profit,Max_Loss,Prob of Profit,Prob of Loss,Leg_Profit_Factor,Profit_Factor,Strike_1_type,Strike_1,Strike_1_alloc,Strike_2_type,Strike_2,Strike_2_alloc,Strike_3_type,Strike_3,Strike_3_alloc,Strategy_Delta,Strategy_Gamma,Strategy_Theta,Strategy_Vega,Strategy_Rho
CVS,CVS HEALTH CORPORATION COM,Bearish Call Modified Butterfly,-100.25,-80.0,500.00000000000284,80.0,574.9999999995498,420.00000000000284,55.28,44.72,0.1904761904761892,1.369047619046538,Call,62.5,10.0,Call,63.0,-20.0,Call,64.0,10.0,-70.0000000000002,0.0,0.0,0.0,0.0
CVS,CVS HEALTH CORPORATION COM,Bearish Call Modified Butterfly,-85.24,-249.99999999999955,1000.0000000000028,249.99999999999955,1244.9999999995634,750.0000000000033,51.54,48.46,0.33333333333333126,1.6599999999994106,Call,61.0,10.0,Call,62.0,-20.0,Call,64.0,10.0,-120.00000000000011,9.999999999999986,9.999999999999998,-9.999999999999998,0.0
CVS,CVS HEALTH CORPORATION COM,Bearish Call Modified Butterfly,-174.78,-230.0,1000.0000000000028,230.0,1224.9999999995782,770.0000000000028,45.25,54.75,0.2987012987012976,1.5909090909085373,Call,60.5,10.0,Call,61.5,-20.0,Call,63.5,10.0,-149.99999999999991,-10.000000000000009,9.999999999999998,9.999999999999998,0.0
CVS,CVS HEALTH CORPORATION COM,Bearish Call Modified Butterfly,-164.1,-79.99999999999955,500.00000000000284,79.99999999999955,574.9999999995636,420.0000000000033,42.75,57.25,0.1904761904761879,1.3690476190465692,Call,61.5,10.0,Call,62.0,-20.0,Call,63.0,10.0,-50.0,19.999999999999996,0.0,-9.999999999999998,0.0
