Underlying,Description,Name,Expected PnL,Cost of Strategy,Total Debit,Leg_profit,Max_Profit,Max_Loss,Prob of Profit,Prob of Loss,Leg_Profit_Factor,Profit_Factor,Strike_1_type,Strike_1,Strike_1_alloc,Strike_2_type,Strike_2,Strike_2_alloc,Strike_3_type,Strike_3,Strike_3_alloc,Strategy_Delta,Strategy_Gamma,Strategy_Theta,Strategy_Vega,Strategy_Rho
EBAY,EBAY INC COM,Bullish Put Modified Butterfly,-373.09,-350.0,2500.0000000000114,350.0,2814.999999999563,2150.0000000000114,44.31,55.69,0.16279069767441776,1.309302325581185,Put,52.5,10.0,Put,57.5,-20.0,Put,60.0,10.0,350.0,-30.000000000000014,20.0,5.551115123125783e-15,10.000000000000004
EBAY,EBAY INC COM,Bullish Put Modified Butterfly,-308.38,-360.0,2000.0000000000057,360.0,2324.999999999577,1640.0000000000057,44.31,55.69,0.21951219512195047,1.4176829268290054,Put,53.0,10.0,Put,57.0,-20.0,Put,59.0,10.0,280.00000000000006,-1.1102230246251565e-14,9.999999999999998,10.000000000000004,10.000000000000004
EBAY,EBAY INC COM,Bullish Put Modified Butterfly,-137.78,-760.0,2500.0000000000114,760.0,3224.999999999563,1740.0000000000114,43.29,56.71,0.43678160919539943,1.8534482758618056,Put,53.0,10.0,Put,58.0,-20.0,Put,60.5,10.0,340.00000000000006,-1.1102230246251565e-14,5.551115123125783e-15,5.551115123125783e-15,10.000000000000004
EBAY,EBAY INC COM,Bullish Put Modified Butterfly,-291.21,-510.0,2000.0000000000057,510.0,2474.999999999563,1490.0000000000057,41.26,58.74,0.34228187919462955,1.6610738255030562,Put,53.5,10.0,Put,57.5,-20.0,Put,59.5,10.0,280.00000000000006,0.0,9.999999999999998,5.551115123125783e-15,10.000000000000004
