Underlying,Description,Name,Expected PnL,Cost of Strategy,Total Debit,Leg_profit,Max_Profit,Max_Loss,Prob of Profit,Prob of Loss,Leg_Profit_Factor,Profit_Factor,Strike_1_type,Strike_1,Strike_1_alloc,Strike_2_type,Strike_2,Strike_2_alloc,Strike_3_type,Strike_3,Strike_3_alloc,Strategy_Delta,Strategy_Gamma,Strategy_Theta,Strategy_Vega,Strategy_Rho
JPM,JP MORGAN CHASE & CO COM,Bullish Put Modified Butterfly,-474.08,-650.0,3000.0000000000114,650.0,3635.0000000007813,2350.0000000000114,45.61,54.39,0.27659574468084974,1.546808510638623,Put,101.0,10.0,Put,107.0,-20.0,Put,110.0,10.0,209.99999999999997,-10.000000000000004,20.000000000000018,1.1102230246251565e-14,-5.551115123125783e-15
JPM,JP MORGAN CHASE & CO COM,Bullish Put Modified Butterfly,-551.88,-320.0,2000.0000000000114,320.0,2305.0000000007813,1680.0000000000114,44.08,55.92,0.1904761904761892,1.3720238095242652,Put,102.0,10.0,Put,106.0,-20.0,Put,108.0,10.0,139.99999999999986,-9.999999999999998,1.1102230246251565e-14,-1.1102230246251565e-14,9.999999999999998
JPM,JP MORGAN CHASE & CO COM,Bullish Put Modified Butterfly,-306.4,-680.0,2000.0000000000114,680.0,2665.0000000007813,1320.0000000000114,40.56,59.44,0.5151515151515107,2.0189393939399682,Put,103.0,10.0,Put,107.0,-20.0,Put,109.0,10.0,130.00000000000006,0.0,1.1102230246251565e-14,10.000000000000009,-5.551115123125783e-15
