Underlying,Description,Name,Expected PnL,Cost of Strategy,Total Debit,Leg_profit,Max_Profit,Max_Loss,Prob of Profit,Prob of Loss,Leg_Profit_Factor,Profit_Factor,Strike_1_type,Strike_1,Strike_1_alloc,Strike_2_type,Strike_2,Strike_2_alloc,Strike_3_type,Strike_3,Strike_3_alloc,Strategy_Delta,Strategy_Gamma,Strategy_Theta,Strategy_Vega,Strategy_Rho
MRK,MERCK & CO INC COM,Bearish Call Modified Butterfly,-352.08,-280.0,2000.0000000000027,280.0,1254.9999999993975,1720.0000000000027,56.96,43.04,0.16279069767441834,0.7296511627903463,Call,84.0,10.0,Call,85.0,-20.0,Call,88.0,10.0,-209.99999999999983,-20.000000000000018,9.999999999999998,-30.000000000000014,-10.0
MRK,MERCK & CO INC COM,Bearish Call Modified Butterfly,-403.86,-360.0,2500.0000000000027,360.0,1834.9999999994116,2140.0000000000027,53.11,46.89,0.16822429906542036,0.8574766355137426,Call,82.5,10.0,Call,84.0,-20.0,Call,88.0,10.0,-299.99999999999994,-19.99999999999997,19.999999999999996,-19.999999999999996,-10.0
MRK,MERCK & CO INC COM,Bearish Call Modified Butterfly,-395.28,-329.99999999999955,2000.0000000000027,329.99999999999955,1304.999999999397,1670.0000000000032,53.11,46.89,0.197604790419161,0.7814371257481404,Call,83.5,10.0,Call,84.5,-20.0,Call,87.5,10.0,-190.00000000000003,-10.000000000000009,9.999999999999998,-9.999999999999998,-10.0
MRK,MERCK & CO INC COM,Bearish Call Modified Butterfly,-492.91,-330.0,2000.0000000000027,330.0,1304.9999999994116,1670.0000000000027,48.24,51.76,0.19760479041916135,0.7814371257481494,Call,83.0,10.0,Call,84.0,-20.0,Call,87.0,10.0,-230.00000000000006,2.220446049250313e-14,9.999999999999998,-9.999999999999998,-10.0
