Underlying,Description,Name,Expected PnL,Cost of Strategy,Total Debit,Leg_profit,Max_Profit,Max_Loss,Prob of Profit,Prob of Loss,Leg_Profit_Factor,Profit_Factor,Strike_1_type,Strike_1,Strike_1_alloc,Strike_2_type,Strike_2,Strike_2_alloc,Strike_3_type,Strike_3,Strike_3_alloc,Strategy_Delta,Strategy_Gamma,Strategy_Theta,Strategy_Vega,Strategy_Rho
NEM,NEWMONT CORPORATION COM,Bullish Put Modified Butterfly,-259.14,-200.0,1500.0000000000027,200.0,1655.0000000004816,1300.0000000000027,54.93,45.07,0.15384615384615352,1.273076923077291,Put,64.5,10.0,Put,67.5,-20.0,Put,69.0,10.0,120.00000000000001,0.0,9.999999999999998,0.0,-10.0
NEM,NEWMONT CORPORATION COM,Bullish Put Modified Butterfly,-194.91,-200.0,1000.0000000000028,200.0,1155.0000000004816,800.0000000000028,51.3,48.7,0.2499999999999991,1.443750000000597,Put,65.5,10.0,Put,67.5,-20.0,Put,68.5,10.0,70.00000000000011,0.0,9.999999999999998,0.0,-10.0
NEM,NEWMONT CORPORATION COM,Bullish Put Modified Butterfly,-326.95,-250.0,1500.0000000000027,250.0,1705.0000000004957,1250.0000000000027,48.4,51.6,0.19999999999999957,1.3640000000003936,Put,65.5,10.0,Put,68.5,-20.0,Put,70.0,10.0,119.99999999999993,-10.000000000000009,19.999999999999996,0.0,10.000000000000004
NEM,NEWMONT CORPORATION COM,Bullish Put Modified Butterfly,-283.05,-150.0,1000.0000000000028,150.0,1105.0000000004957,850.0000000000028,47.68,52.32,0.17647058823529352,1.3000000000005787,Put,66.0,10.0,Put,68.0,-20.0,Put,69.0,10.0,89.99999999999994,9.999999999999998,9.999999999999998,0.0,10.000000000000004
NEM,NEWMONT CORPORATION COM,Bullish Put Modified Butterfly,-289.5,-220.0,1000.0000000000028,220.0,1175.0000000004957,780.0000000000028,40.61,59.39,0.28205128205128105,1.5064102564108863,Put,67.0,10.0,Put,69.0,-20.0,Put,70.0,10.0,70.00000000000011,-1.1102230246251565e-14,9.999999999999998,0.0,10.000000000000004
