Underlying,Description,Name,Expected PnL,Cost of Strategy,Total Debit,Leg_profit,Max_Profit,Max_Loss,Prob of Profit,Prob of Loss,Leg_Profit_Factor,Profit_Factor,Strike_1_type,Strike_1,Strike_1_alloc,Strike_2_type,Strike_2,Strike_2_alloc,Strike_3_type,Strike_3,Strike_3_alloc,Strategy_Delta,Strategy_Gamma,Strategy_Theta,Strategy_Vega,Strategy_Rho
NKE,NIKE INC COM CL B,Bearish Call Modified Butterfly,-224.15,-970.0,3000.0000000000055,970.0,3924.9999999992733,2030.0000000000055,44.01,55.99,0.47783251231526963,1.9334975369454497,Call,104.0,10.0,Call,107.0,-20.0,Call,113.0,10.0,-250.00000000000026,9.999999999999998,-1.1102230246251565e-14,9.999999999999998,-19.999999999999996
NKE,NIKE INC COM CL B,Bearish Call Modified Butterfly,-634.1,-290.0,2000.0000000000057,290.0,2244.999999999259,1710.0000000000057,40.12,59.88,0.16959064327485324,1.3128654970755858,Call,106.0,10.0,Call,108.0,-20.0,Call,112.0,10.0,-159.99999999999997,10.000000000000009,-10.000000000000009,-2.220446049250313e-14,-9.999999999999998
