Underlying,Description,Name,Expected PnL,Cost of Strategy,Total Debit,Leg_profit,Max_Profit,Max_Loss,Prob of Profit,Prob of Loss,Leg_Profit_Factor,Profit_Factor,Strike_1_type,Strike_1,Strike_1_alloc,Strike_2_type,Strike_2,Strike_2_alloc,Strike_3_type,Strike_3,Strike_3_alloc,Strategy_Delta,Strategy_Gamma,Strategy_Theta,Strategy_Vega,Strategy_Rho
PEP,PEPSICO INC COM,Bearish Call Modified Butterfly,-247.39,-209.99999999999977,1000.0000000000057,209.99999999999977,1179.9999999961333,790.0000000000059,46.2,53.8,0.2658227848101243,1.4936708860710437,Call,137.0,10.0,Call,138.0,-20.0,Call,140.0,10.0,-90.00000000000003,2.220446049250313e-14,9.999999999999998,-9.999999999999986,-9.999999999999998
PEP,PEPSICO INC COM,Bearish Call Modified Butterfly,-497.03,-389.9999999999998,2000.0000000000057,389.9999999999998,2359.999999996247,1610.000000000006,41.06,58.94,0.24223602484471946,1.4658385093144337,Call,134.0,10.0,Call,136.0,-20.0,Call,140.0,10.0,-259.99999999999994,0.0,0.0,20.000000000000018,-19.999999999999996
