Underlying,Description,Name,Expected PnL,Cost of Strategy,Total Debit,Leg_profit,Max_Profit,Max_Loss,Prob of Profit,Prob of Loss,Leg_Profit_Factor,Profit_Factor,Strike_1_type,Strike_1,Strike_1_alloc,Strike_2_type,Strike_2,Strike_2_alloc,Strike_3_type,Strike_3,Strike_3_alloc,Strategy_Delta,Strategy_Gamma,Strategy_Theta,Strategy_Vega,Strategy_Rho
SBUX,STARBUCKS CORP COM,Bullish Put Modified Butterfly,-689.68,-270.0,2000.0000000000027,270.0,1269.9999999993747,1730.0000000000027,43.36,56.64,0.15606936416184947,0.734104046242412,Put,84.0,10.0,Put,87.0,-20.0,Put,88.0,10.0,150.00000000000017,-9.999999999999998,20.000000000000007,-9.999999999999998,5.551115123125783e-15
SBUX,STARBUCKS CORP COM,Bullish Put Modified Butterfly,-522.89,-310.0,1500.0000000000027,310.0,809.9999999993747,1190.0000000000027,40.55,59.45,0.2605042016806717,0.680672268907036,Put,85.0,10.0,Put,87.0,-20.0,Put,87.5,10.0,130.00000000000006,9.999999999999986,10.000000000000009,10.000000000000009,0.0
